SampleStamps_samples,Type,Param,StimLength_ms
136802.225727,fmsweep,"[{""start_frequency"":40000,""stop_frequency"":1000,""speed"":125,""amplitude"":60,""duration"":43,""ramp"":10,""method"":""logarithmic"",""next"":2000}]",43
217630.144899,fmsweep,"[{""start_frequency"":40000,""stop_frequency"":1000,""speed"":50,""amplitude"":60,""duration"":107,""ramp"":10,""method"":""logarithmic"",""next"":2000}]",107
298602.063927,fmsweep,"[{""start_frequency"":1000,""stop_frequency"":40000,""speed"":100,""amplitude"":60,""ramp"":10,""duration"":54,""method"":""logarithmic"",""next"":2000}]",54
379269.983259,fmsweep,"[{""start_frequency"":40000,""stop_frequency"":1000,""speed"":100,""ramp"":10,""duration"":54,""amplitude"":60,""method"":""logarithmic"",""next"":2000}]",54
460275.902253,fmsweep,"[{""start_frequency"":1000,""stop_frequency"":40000,""speed"":125,""ramp"":10,""duration"":43,""amplitude"":60,""method"":""logarithmic"",""next"":2000}]",43
541218.82131,whitenoise,"[{""amplitude"":60,""duration"":100,""ramp"":3,""next"":2000}]",100
610101.752427,fmsweep,"[{""start_frequency"":1000,""stop_frequency"":40000,""speed"":25,""duration"":213,""ramp"":10,""amplitude"":60,""method"":""logarithmic"",""next"":2000}]",213
690743.671785,fmsweep,"[{""start_frequency"":40000,""stop_frequency"":1000,""speed"":150,""duration"":36,""ramp"":10,""amplitude"":60,""method"":""logarithmic"",""next"":2000}]",36
771444.591084,fmsweep,"[{""start_frequency"":40000,""stop_frequency"":1000,""speed"":75,""duration"":71,""ramp"":10,""amplitude"":60,""next"":2000,""method"":""logarithmic""}]",71
852207.510321,fmsweep,"[{""start_frequency"":1000,""stop_frequency"":40000,""speed"":50,""duration"":107,""ramp"":10,""amplitude"":60,""method"":""logarithmic"",""next"":2000}]",107
933152.429376,fmsweep,"[{""start_frequency"":40000,""stop_frequency"":1000,""speed"":25,""duration"":213,""ramp"":10,""amplitude"":60,""method"":""logarithmic"",""next"":2000}]",213
1013637.348891,fmsweep,"[{""start_frequency"":1000,""stop_frequency"":40000,""speed"":150,""duration"":36,""ramp"":10,""amplitude"":60,""method"":""logarithmic"",""next"":2000}]",36
1094280.268248,fmsweep,"[{""start_frequency"":1000,""stop_frequency"":40000,""speed"":75,""amplitude"":60,""duration"":71,""ramp"":10,""method"":""logarithmic"",""next"":2000}]",71
1174921.187607,fmsweep,"[{""start_frequency"":40000,""stop_frequency"":1000,""speed"":125,""amplitude"":60,""duration"":43,""ramp"":10,""method"":""logarithmic"",""next"":2000}]",43
1255802.106726,fmsweep,"[{""start_frequency"":40000,""stop_frequency"":1000,""speed"":50,""amplitude"":60,""duration"":107,""ramp"":10,""method"":""logarithmic"",""next"":2000}]",107
1336802.025726,fmsweep,"[{""start_frequency"":1000,""stop_frequency"":40000,""speed"":100,""amplitude"":60,""ramp"":10,""duration"":54,""method"":""logarithmic"",""next"":2000}]",54
1417542.944985,fmsweep,"[{""start_frequency"":40000,""stop_frequency"":1000,""speed"":100,""ramp"":10,""duration"":54,""amplitude"":60,""method"":""logarithmic"",""next"":2000}]",54
1498152.864375,fmsweep,"[{""start_frequency"":1000,""stop_frequency"":40000,""speed"":125,""ramp"":10,""duration"":43,""amplitude"":60,""method"":""logarithmic"",""next"":2000}]",43
1578823.783704,whitenoise,"[{""amplitude"":60,""duration"":100,""ramp"":3,""next"":2000}]",100
1647735.714792,fmsweep,"[{""start_frequency"":1000,""stop_frequency"":40000,""speed"":25,""duration"":213,""ramp"":10,""amplitude"":60,""method"":""logarithmic"",""next"":2000}]",213
1728409.634118,fmsweep,"[{""start_frequency"":40000,""stop_frequency"":1000,""speed"":150,""duration"":36,""ramp"":10,""amplitude"":60,""method"":""logarithmic"",""next"":2000}]",36
1809445.553082,fmsweep,"[{""start_frequency"":40000,""stop_frequency"":1000,""speed"":75,""duration"":71,""ramp"":10,""amplitude"":60,""next"":2000,""method"":""logarithmic""}]",71
1890204.472323,fmsweep,"[{""start_frequency"":1000,""stop_frequency"":40000,""speed"":50,""duration"":107,""ramp"":10,""amplitude"":60,""method"":""logarithmic"",""next"":2000}]",107
1971364.391163,fmsweep,"[{""start_frequency"":40000,""stop_frequency"":1000,""speed"":25,""duration"":213,""ramp"":10,""amplitude"":60,""method"":""logarithmic"",""next"":2000}]",213
2051825.310702,fmsweep,"[{""start_frequency"":1000,""stop_frequency"":40000,""speed"":150,""duration"":36,""ramp"":10,""amplitude"":60,""method"":""logarithmic"",""next"":2000}]",36
2132858.229669,fmsweep,"[{""start_frequency"":1000,""stop_frequency"":40000,""speed"":75,""amplitude"":60,""duration"":71,""ramp"":10,""method"":""logarithmic"",""next"":2000}]",71
2213497.14903,fmsweep,"[{""start_frequency"":40000,""stop_frequency"":1000,""speed"":125,""amplitude"":60,""duration"":43,""ramp"":10,""method"":""logarithmic"",""next"":2000}]",43
2294615.067912,fmsweep,"[{""start_frequency"":40000,""stop_frequency"":1000,""speed"":50,""amplitude"":60,""duration"":107,""ramp"":10,""method"":""logarithmic"",""next"":2000}]",107
2375082.987444,fmsweep,"[{""start_frequency"":1000,""stop_frequency"":40000,""speed"":100,""amplitude"":60,""ramp"":10,""duration"":54,""method"":""logarithmic"",""next"":2000}]",54
2455748.906778,fmsweep,"[{""start_frequency"":40000,""stop_frequency"":1000,""speed"":100,""ramp"":10,""duration"":54,""amplitude"":60,""method"":""logarithmic"",""next"":2000}]",54
2536428.826098,fmsweep,"[{""start_frequency"":1000,""stop_frequency"":40000,""speed"":125,""ramp"":10,""duration"":43,""amplitude"":60,""method"":""logarithmic"",""next"":2000}]",43
2617159.745367,whitenoise,"[{""amplitude"":60,""duration"":100,""ramp"":3,""next"":2000}]",100
2686277.676249,fmsweep,"[{""start_frequency"":1000,""stop_frequency"":40000,""speed"":25,""duration"":213,""ramp"":10,""amplitude"":60,""method"":""logarithmic"",""next"":2000}]",213
2767227.595299,fmsweep,"[{""start_frequency"":40000,""stop_frequency"":1000,""speed"":150,""duration"":36,""ramp"":10,""amplitude"":60,""method"":""logarithmic"",""next"":2000}]",36
2847841.514685,fmsweep,"[{""start_frequency"":40000,""stop_frequency"":1000,""speed"":75,""duration"":71,""ramp"":10,""amplitude"":60,""next"":2000,""method"":""logarithmic""}]",71
2928905.433621,fmsweep,"[{""start_frequency"":1000,""stop_frequency"":40000,""speed"":50,""duration"":107,""ramp"":10,""amplitude"":60,""method"":""logarithmic"",""next"":2000}]",107
3009849.352677,fmsweep,"[{""start_frequency"":40000,""stop_frequency"":1000,""speed"":25,""duration"":213,""ramp"":10,""amplitude"":60,""method"":""logarithmic"",""next"":2000}]",213
3090514.272012,fmsweep,"[{""start_frequency"":1000,""stop_frequency"":40000,""speed"":150,""duration"":36,""ramp"":10,""amplitude"":60,""method"":""logarithmic"",""next"":2000}]",36
3171185.191341,fmsweep,"[{""start_frequency"":1000,""stop_frequency"":40000,""speed"":75,""amplitude"":60,""duration"":71,""ramp"":10,""method"":""logarithmic"",""next"":2000}]",71
3251794.110732,fmsweep,"[{""start_frequency"":40000,""stop_frequency"":1000,""speed"":125,""amplitude"":60,""duration"":43,""ramp"":10,""method"":""logarithmic"",""next"":2000}]",43
3332562.029964,fmsweep,"[{""start_frequency"":40000,""stop_frequency"":1000,""speed"":50,""amplitude"":60,""duration"":107,""ramp"":10,""method"":""logarithmic"",""next"":2000}]",107
3413294.949231,fmsweep,"[{""start_frequency"":1000,""stop_frequency"":40000,""speed"":100,""amplitude"":60,""ramp"":10,""duration"":54,""method"":""logarithmic"",""next"":2000}]",54
3494272.868253,fmsweep,"[{""start_frequency"":40000,""stop_frequency"":1000,""speed"":100,""ramp"":10,""duration"":54,""amplitude"":60,""method"":""logarithmic"",""next"":2000}]",54
3574906.787619,fmsweep,"[{""start_frequency"":1000,""stop_frequency"":40000,""speed"":125,""ramp"":10,""duration"":43,""amplitude"":60,""method"":""logarithmic"",""next"":2000}]",43
3655883.706642,whitenoise,"[{""amplitude"":60,""duration"":100,""ramp"":3,""next"":2000}]",100
3724915.63761,fmsweep,"[{""start_frequency"":1000,""stop_frequency"":40000,""speed"":25,""duration"":213,""ramp"":10,""amplitude"":60,""method"":""logarithmic"",""next"":2000}]",213
3805894.556631,fmsweep,"[{""start_frequency"":40000,""stop_frequency"":1000,""speed"":150,""duration"":36,""ramp"":10,""amplitude"":60,""method"":""logarithmic"",""next"":2000}]",36
3886594.475931,fmsweep,"[{""start_frequency"":40000,""stop_frequency"":1000,""speed"":75,""duration"":71,""ramp"":10,""amplitude"":60,""next"":2000,""method"":""logarithmic""}]",71
3967387.395138,fmsweep,"[{""start_frequency"":1000,""stop_frequency"":40000,""speed"":50,""duration"":107,""ramp"":10,""amplitude"":60,""method"":""logarithmic"",""next"":2000}]",107
4048602.313923,fmsweep,"[{""start_frequency"":40000,""stop_frequency"":1000,""speed"":25,""duration"":213,""ramp"":10,""amplitude"":60,""method"":""logarithmic"",""next"":2000}]",213
4129607.232918,fmsweep,"[{""start_frequency"":1000,""stop_frequency"":40000,""speed"":150,""duration"":36,""ramp"":10,""amplitude"":60,""method"":""logarithmic"",""next"":2000}]",36
4210332.152193,fmsweep,"[{""start_frequency"":1000,""stop_frequency"":40000,""speed"":75,""amplitude"":60,""duration"":71,""ramp"":10,""method"":""logarithmic"",""next"":2000}]",71
4291286.071239,fmsweep,"[{""start_frequency"":40000,""stop_frequency"":1000,""speed"":125,""amplitude"":60,""duration"":43,""ramp"":10,""method"":""logarithmic"",""next"":2000}]",43
4372136.990388,fmsweep,"[{""start_frequency"":40000,""stop_frequency"":1000,""speed"":50,""amplitude"":60,""duration"":107,""ramp"":10,""method"":""logarithmic"",""next"":2000}]",107
4452811.909713,fmsweep,"[{""start_frequency"":1000,""stop_frequency"":40000,""speed"":100,""amplitude"":60,""ramp"":10,""duration"":54,""method"":""logarithmic"",""next"":2000}]",54
4533753.828771,fmsweep,"[{""start_frequency"":40000,""stop_frequency"":1000,""speed"":100,""ramp"":10,""duration"":54,""amplitude"":60,""method"":""logarithmic"",""next"":2000}]",54
4614390.748134,fmsweep,"[{""start_frequency"":1000,""stop_frequency"":40000,""speed"":125,""ramp"":10,""duration"":43,""amplitude"":60,""method"":""logarithmic"",""next"":2000}]",43
4720162.436989,fmsweep,"[{""start_frequency"":40000,""stop_frequency"":1000,""speed"":75,""duration"":71,""ramp"":10,""amplitude"":60,""next"":2000,""method"":""logarithmic""}]",71
4801254.355897,fmsweep,"[{""start_frequency"":1000,""stop_frequency"":40000,""speed"":50,""duration"":107,""ramp"":10,""amplitude"":60,""method"":""logarithmic"",""next"":2000}]",107
4882256.274895,fmsweep,"[{""start_frequency"":40000,""stop_frequency"":1000,""speed"":25,""duration"":213,""ramp"":10,""amplitude"":60,""method"":""logarithmic"",""next"":2000}]",213
4962709.194442,fmsweep,"[{""start_frequency"":1000,""stop_frequency"":40000,""speed"":150,""duration"":36,""ramp"":10,""amplitude"":60,""method"":""logarithmic"",""next"":2000}]",36
5043722.113429,fmsweep,"[{""start_frequency"":1000,""stop_frequency"":40000,""speed"":75,""amplitude"":60,""duration"":71,""ramp"":10,""method"":""logarithmic"",""next"":2000}]",71
5124365.032786,fmsweep,"[{""start_frequency"":40000,""stop_frequency"":1000,""speed"":125,""amplitude"":60,""duration"":43,""ramp"":10,""method"":""logarithmic"",""next"":2000}]",43
5205460.95169,fmsweep,"[{""start_frequency"":40000,""stop_frequency"":1000,""speed"":50,""amplitude"":60,""duration"":107,""ramp"":10,""method"":""logarithmic"",""next"":2000}]",107
5285980.87117,fmsweep,"[{""start_frequency"":1000,""stop_frequency"":40000,""speed"":100,""amplitude"":60,""ramp"":10,""duration"":54,""method"":""logarithmic"",""next"":2000}]",54
5366893.790257,fmsweep,"[{""start_frequency"":40000,""stop_frequency"":1000,""speed"":100,""ramp"":10,""duration"":54,""amplitude"":60,""method"":""logarithmic"",""next"":2000}]",54
5415793.478573,fmsweep,"[{""start_frequency"":40000,""stop_frequency"":1000,""speed"":150,""duration"":36,""ramp"":10,""amplitude"":60,""method"":""logarithmic"",""next"":2000}]",36
5496581.397785,fmsweep,"[{""start_frequency"":40000,""stop_frequency"":1000,""speed"":75,""duration"":71,""ramp"":10,""amplitude"":60,""next"":2000,""method"":""logarithmic""}]",71
5577352.317014,fmsweep,"[{""start_frequency"":1000,""stop_frequency"":40000,""speed"":50,""duration"":107,""ramp"":10,""amplitude"":60,""method"":""logarithmic"",""next"":2000}]",107
5658681.235685,fmsweep,"[{""start_frequency"":40000,""stop_frequency"":1000,""speed"":25,""duration"":213,""ramp"":10,""amplitude"":60,""method"":""logarithmic"",""next"":2000}]",213
5739603.154763,fmsweep,"[{""start_frequency"":1000,""stop_frequency"":40000,""speed"":150,""duration"":36,""ramp"":10,""amplitude"":60,""method"":""logarithmic"",""next"":2000}]",36
5820305.074061,fmsweep,"[{""start_frequency"":1000,""stop_frequency"":40000,""speed"":75,""amplitude"":60,""duration"":71,""ramp"":10,""method"":""logarithmic"",""next"":2000}]",71
5901276.993089,fmsweep,"[{""start_frequency"":40000,""stop_frequency"":1000,""speed"":125,""amplitude"":60,""duration"":43,""ramp"":10,""method"":""logarithmic"",""next"":2000}]",43
5982037.912328,fmsweep,"[{""start_frequency"":40000,""stop_frequency"":1000,""speed"":50,""amplitude"":60,""duration"":107,""ramp"":10,""method"":""logarithmic"",""next"":2000}]",107
6063017.831348,fmsweep,"[{""start_frequency"":1000,""stop_frequency"":40000,""speed"":100,""amplitude"":60,""ramp"":10,""duration"":54,""method"":""logarithmic"",""next"":2000}]",54
6143686.750679,fmsweep,"[{""start_frequency"":40000,""stop_frequency"":1000,""speed"":100,""ramp"":10,""duration"":54,""amplitude"":60,""method"":""logarithmic"",""next"":2000}]",54
6224664.669701,fmsweep,"[{""start_frequency"":1000,""stop_frequency"":40000,""speed"":125,""ramp"":10,""duration"":43,""amplitude"":60,""method"":""logarithmic"",""next"":2000}]",43
6305297.589068,whitenoise,"[{""amplitude"":60,""duration"":100,""ramp"":3,""next"":2000}]",100
6374543.519822,fmsweep,"[{""start_frequency"":1000,""stop_frequency"":40000,""speed"":25,""duration"":213,""ramp"":10,""amplitude"":60,""method"":""logarithmic"",""next"":2000}]",213
6455213.439152,fmsweep,"[{""start_frequency"":40000,""stop_frequency"":1000,""speed"":150,""duration"":36,""ramp"":10,""amplitude"":60,""method"":""logarithmic"",""next"":2000}]",36
6535920.358445,fmsweep,"[{""start_frequency"":40000,""stop_frequency"":1000,""speed"":75,""duration"":71,""ramp"":10,""amplitude"":60,""next"":2000,""method"":""logarithmic""}]",71
6617068.277297,fmsweep,"[{""start_frequency"":1000,""stop_frequency"":40000,""speed"":50,""duration"":107,""ramp"":10,""amplitude"":60,""method"":""logarithmic"",""next"":2000}]",107
6697929.196436,fmsweep,"[{""start_frequency"":40000,""stop_frequency"":1000,""speed"":25,""duration"":213,""ramp"":10,""amplitude"":60,""method"":""logarithmic"",""next"":2000}]",213
6778598.115767,fmsweep,"[{""start_frequency"":1000,""stop_frequency"":40000,""speed"":150,""duration"":36,""ramp"":10,""amplitude"":60,""method"":""logarithmic"",""next"":2000}]",36
6859304.035061,fmsweep,"[{""start_frequency"":1000,""stop_frequency"":40000,""speed"":75,""amplitude"":60,""duration"":71,""ramp"":10,""method"":""logarithmic"",""next"":2000}]",71
6940186.954178,fmsweep,"[{""start_frequency"":40000,""stop_frequency"":1000,""speed"":125,""amplitude"":60,""duration"":43,""ramp"":10,""method"":""logarithmic"",""next"":2000}]",43
7021252.873112,fmsweep,"[{""start_frequency"":40000,""stop_frequency"":1000,""speed"":50,""amplitude"":60,""duration"":107,""ramp"":10,""method"":""logarithmic"",""next"":2000}]",107
7079641.71174,fmsweep,"[{""start_frequency"":40000,""stop_frequency"":1000,""speed"":100,""ramp"":10,""duration"":54,""amplitude"":60,""method"":""logarithmic"",""next"":2000}]",54
7160614.630767,fmsweep,"[{""start_frequency"":1000,""stop_frequency"":40000,""speed"":125,""ramp"":10,""duration"":43,""amplitude"":60,""method"":""logarithmic"",""next"":2000}]",43
7241620.549761,whitenoise,"[{""amplitude"":60,""duration"":100,""ramp"":3,""next"":2000}]",100
7310347.481034,fmsweep,"[{""start_frequency"":1000,""stop_frequency"":40000,""speed"":25,""duration"":213,""ramp"":10,""amplitude"":60,""method"":""logarithmic"",""next"":2000}]",213
7391329.400052,fmsweep,"[{""start_frequency"":40000,""stop_frequency"":1000,""speed"":150,""duration"":36,""ramp"":10,""amplitude"":60,""method"":""logarithmic"",""next"":2000}]",36
7472332.319049,fmsweep,"[{""start_frequency"":40000,""stop_frequency"":1000,""speed"":75,""duration"":71,""ramp"":10,""amplitude"":60,""next"":2000,""method"":""logarithmic""}]",71
7553092.238289,fmsweep,"[{""start_frequency"":1000,""stop_frequency"":40000,""speed"":50,""duration"":107,""ramp"":10,""amplitude"":60,""method"":""logarithmic"",""next"":2000}]",107
7633915.157466,fmsweep,"[{""start_frequency"":40000,""stop_frequency"":1000,""speed"":25,""duration"":213,""ramp"":10,""amplitude"":60,""method"":""logarithmic"",""next"":2000}]",213
7714557.076824,fmsweep,"[{""start_frequency"":1000,""stop_frequency"":40000,""speed"":150,""duration"":36,""ramp"":10,""amplitude"":60,""method"":""logarithmic"",""next"":2000}]",36
7795558.995822,fmsweep,"[{""start_frequency"":1000,""stop_frequency"":40000,""speed"":75,""amplitude"":60,""duration"":71,""ramp"":10,""method"":""logarithmic"",""next"":2000}]",71
7876100.91528,fmsweep,"[{""start_frequency"":40000,""stop_frequency"":1000,""speed"":125,""amplitude"":60,""duration"":43,""ramp"":10,""method"":""logarithmic"",""next"":2000}]",43
7956688.834692,fmsweep,"[{""start_frequency"":40000,""stop_frequency"":1000,""speed"":50,""amplitude"":60,""duration"":107,""ramp"":10,""method"":""logarithmic"",""next"":2000}]",107
8037667.753713,fmsweep,"[{""start_frequency"":1000,""stop_frequency"":40000,""speed"":100,""amplitude"":60,""ramp"":10,""duration"":54,""method"":""logarithmic"",""next"":2000}]",54
8118397.672983,fmsweep,"[{""start_frequency"":40000,""stop_frequency"":1000,""speed"":100,""ramp"":10,""duration"":54,""amplitude"":60,""method"":""logarithmic"",""next"":2000}]",54
8199101.592279,fmsweep,"[{""start_frequency"":1000,""stop_frequency"":40000,""speed"":125,""ramp"":10,""duration"":43,""amplitude"":60,""method"":""logarithmic"",""next"":2000}]",43
8280068.511312,whitenoise,"[{""amplitude"":60,""duration"":100,""ramp"":3,""next"":2000}]",100
8349256.442124,fmsweep,"[{""start_frequency"":1000,""stop_frequency"":40000,""speed"":25,""duration"":213,""ramp"":10,""amplitude"":60,""method"":""logarithmic"",""next"":2000}]",213
8429871.361509,fmsweep,"[{""start_frequency"":40000,""stop_frequency"":1000,""speed"":150,""duration"":36,""ramp"":10,""amplitude"":60,""method"":""logarithmic"",""next"":2000}]",36
8510599.280781,fmsweep,"[{""start_frequency"":40000,""stop_frequency"":1000,""speed"":75,""duration"":71,""ramp"":10,""amplitude"":60,""next"":2000,""method"":""logarithmic""}]",71
8591665.199715,fmsweep,"[{""start_frequency"":1000,""stop_frequency"":40000,""speed"":50,""duration"":107,""ramp"":10,""amplitude"":60,""method"":""logarithmic"",""next"":2000}]",107
8672610.11877,fmsweep,"[{""start_frequency"":40000,""stop_frequency"":1000,""speed"":25,""duration"":213,""ramp"":10,""amplitude"":60,""method"":""logarithmic"",""next"":2000}]",213
8753098.038282,fmsweep,"[{""start_frequency"":1000,""stop_frequency"":40000,""speed"":150,""duration"":36,""ramp"":10,""amplitude"":60,""method"":""logarithmic"",""next"":2000}]",36
8833803.957576,fmsweep,"[{""start_frequency"":1000,""stop_frequency"":40000,""speed"":75,""amplitude"":60,""duration"":71,""ramp"":10,""method"":""logarithmic"",""next"":2000}]",71
8909858.796294,fmsweep,"[{""start_frequency"":40000,""stop_frequency"":1000,""speed"":50,""amplitude"":60,""duration"":107,""ramp"":10,""method"":""logarithmic"",""next"":2000}]",107
8990557.715595,fmsweep,"[{""start_frequency"":1000,""stop_frequency"":40000,""speed"":100,""amplitude"":60,""ramp"":10,""duration"":54,""method"":""logarithmic"",""next"":2000}]",54
9071228.634924,fmsweep,"[{""start_frequency"":40000,""stop_frequency"":1000,""speed"":100,""ramp"":10,""duration"":54,""amplitude"":60,""method"":""logarithmic"",""next"":2000}]",54
9152053.554099,fmsweep,"[{""start_frequency"":1000,""stop_frequency"":40000,""speed"":125,""ramp"":10,""duration"":43,""amplitude"":60,""method"":""logarithmic"",""next"":2000}]",43
9233052.4731,whitenoise,"[{""amplitude"":60,""duration"":100,""ramp"":3,""next"":2000}]",100
9301939.404213,fmsweep,"[{""start_frequency"":1000,""stop_frequency"":40000,""speed"":25,""duration"":213,""ramp"":10,""amplitude"":60,""method"":""logarithmic"",""next"":2000}]",213
9382730.323422,fmsweep,"[{""start_frequency"":40000,""stop_frequency"":1000,""speed"":150,""duration"":36,""ramp"":10,""amplitude"":60,""method"":""logarithmic"",""next"":2000}]",36
9463765.242387,fmsweep,"[{""start_frequency"":40000,""stop_frequency"":1000,""speed"":75,""duration"":71,""ramp"":10,""amplitude"":60,""next"":2000,""method"":""logarithmic""}]",71
9544527.161625,fmsweep,"[{""start_frequency"":1000,""stop_frequency"":40000,""speed"":50,""duration"":107,""ramp"":10,""amplitude"":60,""method"":""logarithmic"",""next"":2000}]",107
9625568.080584,fmsweep,"[{""start_frequency"":40000,""stop_frequency"":1000,""speed"":25,""duration"":213,""ramp"":10,""amplitude"":60,""method"":""logarithmic"",""next"":2000}]",213
9705960.000192,fmsweep,"[{""start_frequency"":1000,""stop_frequency"":40000,""speed"":150,""duration"":36,""ramp"":10,""amplitude"":60,""method"":""logarithmic"",""next"":2000}]",36
9786635.919516,fmsweep,"[{""start_frequency"":1000,""stop_frequency"":40000,""speed"":75,""amplitude"":60,""duration"":71,""ramp"":10,""method"":""logarithmic"",""next"":2000}]",71
9867304.838847,fmsweep,"[{""start_frequency"":40000,""stop_frequency"":1000,""speed"":125,""amplitude"":60,""duration"":43,""ramp"":10,""method"":""logarithmic"",""next"":2000}]",43
9948190.757961,fmsweep,"[{""start_frequency"":40000,""stop_frequency"":1000,""speed"":50,""amplitude"":60,""duration"":107,""ramp"":10,""method"":""logarithmic"",""next"":2000}]",107
10028890.677261,fmsweep,"[{""start_frequency"":1000,""stop_frequency"":40000,""speed"":100,""amplitude"":60,""ramp"":10,""duration"":54,""method"":""logarithmic"",""next"":2000}]",54
10109832.596319,fmsweep,"[{""start_frequency"":40000,""stop_frequency"":1000,""speed"":100,""ramp"":10,""duration"":54,""amplitude"":60,""method"":""logarithmic"",""next"":2000}]",54
10190830.515321,fmsweep,"[{""start_frequency"":1000,""stop_frequency"":40000,""speed"":125,""ramp"":10,""duration"":43,""amplitude"":60,""method"":""logarithmic"",""next"":2000}]",43
10271421.43473,whitenoise,"[{""amplitude"":60,""duration"":100,""ramp"":3,""next"":2000}]",100
10340643.365508,fmsweep,"[{""start_frequency"":1000,""stop_frequency"":40000,""speed"":25,""duration"":213,""ramp"":10,""amplitude"":60,""method"":""logarithmic"",""next"":2000}]",213
10421335.284816,fmsweep,"[{""start_frequency"":40000,""stop_frequency"":1000,""speed"":150,""duration"":36,""ramp"":10,""amplitude"":60,""method"":""logarithmic"",""next"":2000}]",36
10502072.204079,fmsweep,"[{""start_frequency"":40000,""stop_frequency"":1000,""speed"":75,""duration"":71,""ramp"":10,""amplitude"":60,""next"":2000,""method"":""logarithmic""}]",71
10583117.123034,fmsweep,"[{""start_frequency"":1000,""stop_frequency"":40000,""speed"":50,""duration"":107,""ramp"":10,""amplitude"":60,""method"":""logarithmic"",""next"":2000}]",107
10664046.042105,fmsweep,"[{""start_frequency"":40000,""stop_frequency"":1000,""speed"":25,""duration"":213,""ramp"":10,""amplitude"":60,""method"":""logarithmic"",""next"":2000}]",213
10744688.961462,fmsweep,"[{""start_frequency"":1000,""stop_frequency"":40000,""speed"":150,""duration"":36,""ramp"":10,""amplitude"":60,""method"":""logarithmic"",""next"":2000}]",36
10825485.880665,fmsweep,"[{""start_frequency"":1000,""stop_frequency"":40000,""speed"":75,""amplitude"":60,""duration"":71,""ramp"":10,""method"":""logarithmic"",""next"":2000}]",71
10906244.799906,fmsweep,"[{""start_frequency"":40000,""stop_frequency"":1000,""speed"":125,""amplitude"":60,""duration"":43,""ramp"":10,""method"":""logarithmic"",""next"":2000}]",43
10986908.719242,fmsweep,"[{""start_frequency"":40000,""stop_frequency"":1000,""speed"":50,""amplitude"":60,""duration"":107,""ramp"":10,""method"":""logarithmic"",""next"":2000}]",107
11067526.638624,fmsweep,"[{""start_frequency"":1000,""stop_frequency"":40000,""speed"":100,""amplitude"":60,""ramp"":10,""duration"":54,""method"":""logarithmic"",""next"":2000}]",54
11148494.557656,fmsweep,"[{""start_frequency"":40000,""stop_frequency"":1000,""speed"":100,""ramp"":10,""duration"":54,""amplitude"":60,""method"":""logarithmic"",""next"":2000}]",54
11229145.477005,fmsweep,"[{""start_frequency"":1000,""stop_frequency"":40000,""speed"":125,""ramp"":10,""duration"":43,""amplitude"":60,""method"":""logarithmic"",""next"":2000}]",43
11310116.396034,whitenoise,"[{""amplitude"":60,""duration"":100,""ramp"":3,""next"":2000}]",100
11379088.327062,fmsweep,"[{""start_frequency"":1000,""stop_frequency"":40000,""speed"":25,""duration"":213,""ramp"":10,""amplitude"":60,""method"":""logarithmic"",""next"":2000}]",213
11460061.246089,fmsweep,"[{""start_frequency"":40000,""stop_frequency"":1000,""speed"":150,""duration"":36,""ramp"":10,""amplitude"":60,""method"":""logarithmic"",""next"":2000}]",36
11540738.165412,fmsweep,"[{""start_frequency"":40000,""stop_frequency"":1000,""speed"":75,""duration"":71,""ramp"":10,""amplitude"":60,""next"":2000,""method"":""logarithmic""}]",71
11621713.084437,fmsweep,"[{""start_frequency"":1000,""stop_frequency"":40000,""speed"":50,""duration"":107,""ramp"":10,""amplitude"":60,""method"":""logarithmic"",""next"":2000}]",107
11702656.003494,fmsweep,"[{""start_frequency"":40000,""stop_frequency"":1000,""speed"":25,""duration"":213,""ramp"":10,""amplitude"":60,""method"":""logarithmic"",""next"":2000}]",213
11783297.922852,fmsweep,"[{""start_frequency"":1000,""stop_frequency"":40000,""speed"":150,""duration"":36,""ramp"":10,""amplitude"":60,""method"":""logarithmic"",""next"":2000}]",36
11864268.841881,fmsweep,"[{""start_frequency"":1000,""stop_frequency"":40000,""speed"":75,""amplitude"":60,""duration"":71,""ramp"":10,""method"":""logarithmic"",""next"":2000}]",71
11944817.761332,fmsweep,"[{""start_frequency"":40000,""stop_frequency"":1000,""speed"":125,""amplitude"":60,""duration"":43,""ramp"":10,""method"":""logarithmic"",""next"":2000}]",43
12025581.680568,fmsweep,"[{""start_frequency"":40000,""stop_frequency"":1000,""speed"":50,""amplitude"":60,""duration"":107,""ramp"":10,""method"":""logarithmic"",""next"":2000}]",107
12106273.599876,fmsweep,"[{""start_frequency"":1000,""stop_frequency"":40000,""speed"":100,""amplitude"":60,""ramp"":10,""duration"":54,""method"":""logarithmic"",""next"":2000}]",54
12186918.519231,fmsweep,"[{""start_frequency"":40000,""stop_frequency"":1000,""speed"":100,""ramp"":10,""duration"":54,""amplitude"":60,""method"":""logarithmic"",""next"":2000}]",54
12267833.438316,fmsweep,"[{""start_frequency"":1000,""stop_frequency"":40000,""speed"":125,""ramp"":10,""duration"":43,""amplitude"":60,""method"":""logarithmic"",""next"":2000}]",43
12348690.357459,whitenoise,"[{""amplitude"":60,""duration"":100,""ramp"":3,""next"":2000}]",100
12417848.288301,fmsweep,"[{""start_frequency"":1000,""stop_frequency"":40000,""speed"":25,""duration"":213,""ramp"":10,""amplitude"":60,""method"":""logarithmic"",""next"":2000}]",213
12498545.207604,fmsweep,"[{""start_frequency"":40000,""stop_frequency"":1000,""speed"":150,""duration"":36,""ramp"":10,""amplitude"":60,""method"":""logarithmic"",""next"":2000}]",36
12579612.126537,fmsweep,"[{""start_frequency"":40000,""stop_frequency"":1000,""speed"":75,""duration"":71,""ramp"":10,""amplitude"":60,""next"":2000,""method"":""logarithmic""}]",71
12660349.0458,fmsweep,"[{""start_frequency"":1000,""stop_frequency"":40000,""speed"":50,""duration"":107,""ramp"":10,""amplitude"":60,""method"":""logarithmic"",""next"":2000}]",107
12741197.964951,fmsweep,"[{""start_frequency"":40000,""stop_frequency"":1000,""speed"":25,""duration"":213,""ramp"":10,""amplitude"":60,""method"":""logarithmic"",""next"":2000}]",213
12821899.884249,fmsweep,"[{""start_frequency"":1000,""stop_frequency"":40000,""speed"":150,""duration"":36,""ramp"":10,""amplitude"":60,""method"":""logarithmic"",""next"":2000}]",36
12902601.803547,fmsweep,"[{""start_frequency"":1000,""stop_frequency"":40000,""speed"":75,""amplitude"":60,""duration"":71,""ramp"":10,""method"":""logarithmic"",""next"":2000}]",71
12983539.722609,fmsweep,"[{""start_frequency"":40000,""stop_frequency"":1000,""speed"":125,""amplitude"":60,""duration"":43,""ramp"":10,""method"":""logarithmic"",""next"":2000}]",43
13064357.641791,fmsweep,"[{""start_frequency"":40000,""stop_frequency"":1000,""speed"":50,""amplitude"":60,""duration"":107,""ramp"":10,""method"":""logarithmic"",""next"":2000}]",107
13145342.560806,fmsweep,"[{""start_frequency"":1000,""stop_frequency"":40000,""speed"":100,""amplitude"":60,""ramp"":10,""duration"":54,""method"":""logarithmic"",""next"":2000}]",54
13226014.480134,fmsweep,"[{""start_frequency"":40000,""stop_frequency"":1000,""speed"":100,""ramp"":10,""duration"":54,""amplitude"":60,""method"":""logarithmic"",""next"":2000}]",54
13306986.399162,fmsweep,"[{""start_frequency"":1000,""stop_frequency"":40000,""speed"":125,""ramp"":10,""duration"":43,""amplitude"":60,""method"":""logarithmic"",""next"":2000}]",43
13387685.318463,whitenoise,"[{""amplitude"":60,""duration"":100,""ramp"":3,""next"":2000}]",100
13456662.249486,fmsweep,"[{""start_frequency"":1000,""stop_frequency"":40000,""speed"":25,""duration"":213,""ramp"":10,""amplitude"":60,""method"":""logarithmic"",""next"":2000}]",213
13537671.168477,fmsweep,"[{""start_frequency"":40000,""stop_frequency"":1000,""speed"":150,""duration"":36,""ramp"":10,""amplitude"":60,""method"":""logarithmic"",""next"":2000}]",36
13618402.087746,fmsweep,"[{""start_frequency"":40000,""stop_frequency"":1000,""speed"":75,""duration"":71,""ramp"":10,""amplitude"":60,""next"":2000,""method"":""logarithmic""}]",71
13699467.006681,fmsweep,"[{""start_frequency"":1000,""stop_frequency"":40000,""speed"":50,""duration"":107,""ramp"":10,""amplitude"":60,""method"":""logarithmic"",""next"":2000}]",107
13780467.92568,fmsweep,"[{""start_frequency"":40000,""stop_frequency"":1000,""speed"":25,""duration"":213,""ramp"":10,""amplitude"":60,""method"":""logarithmic"",""next"":2000}]",213
13861076.845071,fmsweep,"[{""start_frequency"":1000,""stop_frequency"":40000,""speed"":150,""duration"":36,""ramp"":10,""amplitude"":60,""method"":""logarithmic"",""next"":2000}]",36
13941758.764389,fmsweep,"[{""start_frequency"":1000,""stop_frequency"":40000,""speed"":75,""amplitude"":60,""duration"":71,""ramp"":10,""method"":""logarithmic"",""next"":2000}]",71
14022695.683452,fmsweep,"[{""start_frequency"":40000,""stop_frequency"":1000,""speed"":125,""amplitude"":60,""duration"":43,""ramp"":10,""method"":""logarithmic"",""next"":2000}]",43
14103453.602694,fmsweep,"[{""start_frequency"":40000,""stop_frequency"":1000,""speed"":50,""amplitude"":60,""duration"":107,""ramp"":10,""method"":""logarithmic"",""next"":2000}]",107
14184397.52175,fmsweep,"[{""start_frequency"":1000,""stop_frequency"":40000,""speed"":100,""amplitude"":60,""ramp"":10,""duration"":54,""method"":""logarithmic"",""next"":2000}]",54
14265012.441135,fmsweep,"[{""start_frequency"":40000,""stop_frequency"":1000,""speed"":100,""ramp"":10,""duration"":54,""amplitude"":60,""method"":""logarithmic"",""next"":2000}]",54
14345955.360192,fmsweep,"[{""start_frequency"":1000,""stop_frequency"":40000,""speed"":125,""ramp"":10,""duration"":43,""amplitude"":60,""method"":""logarithmic"",""next"":2000}]",43
14426962.279185,whitenoise,"[{""amplitude"":60,""duration"":100,""ramp"":3,""next"":2000}]",100
14495875.210272,fmsweep,"[{""start_frequency"":1000,""stop_frequency"":40000,""speed"":25,""duration"":213,""ramp"":10,""amplitude"":60,""method"":""logarithmic"",""next"":2000}]",213
14576575.129572,fmsweep,"[{""start_frequency"":40000,""stop_frequency"":1000,""speed"":150,""duration"":36,""ramp"":10,""amplitude"":60,""method"":""logarithmic"",""next"":2000}]",36
14657432.048715,fmsweep,"[{""start_frequency"":40000,""stop_frequency"":1000,""speed"":75,""duration"":71,""ramp"":10,""amplitude"":60,""next"":2000,""method"":""logarithmic""}]",71
14738494.967652,fmsweep,"[{""start_frequency"":1000,""stop_frequency"":40000,""speed"":50,""duration"":107,""ramp"":10,""amplitude"":60,""method"":""logarithmic"",""next"":2000}]",107
14819498.886648,fmsweep,"[{""start_frequency"":40000,""stop_frequency"":1000,""speed"":25,""duration"":213,""ramp"":10,""amplitude"":60,""method"":""logarithmic"",""next"":2000}]",213
14900199.805947,fmsweep,"[{""start_frequency"":1000,""stop_frequency"":40000,""speed"":150,""duration"":36,""ramp"":10,""amplitude"":60,""method"":""logarithmic"",""next"":2000}]",36
14980901.725245,fmsweep,"[{""start_frequency"":1000,""stop_frequency"":40000,""speed"":75,""amplitude"":60,""duration"":71,""ramp"":10,""method"":""logarithmic"",""next"":2000}]",71
15061578.644568,fmsweep,"[{""start_frequency"":40000,""stop_frequency"":1000,""speed"":125,""amplitude"":60,""duration"":43,""ramp"":10,""method"":""logarithmic"",""next"":2000}]",43
15142489.563657,fmsweep,"[{""start_frequency"":40000,""stop_frequency"":1000,""speed"":50,""amplitude"":60,""duration"":107,""ramp"":10,""method"":""logarithmic"",""next"":2000}]",107
15223457.482689,fmsweep,"[{""start_frequency"":1000,""stop_frequency"":40000,""speed"":100,""amplitude"":60,""ramp"":10,""duration"":54,""method"":""logarithmic"",""next"":2000}]",54
15304107.402039,fmsweep,"[{""start_frequency"":40000,""stop_frequency"":1000,""speed"":100,""ramp"":10,""duration"":54,""amplitude"":60,""method"":""logarithmic"",""next"":2000}]",54
15385018.321128,fmsweep,"[{""start_frequency"":1000,""stop_frequency"":40000,""speed"":125,""ramp"":10,""duration"":43,""amplitude"":60,""method"":""logarithmic"",""next"":2000}]",43
15465869.240277,whitenoise,"[{""amplitude"":60,""duration"":100,""ramp"":3,""next"":2000}]",100
15535031.171115,fmsweep,"[{""start_frequency"":1000,""stop_frequency"":40000,""speed"":25,""duration"":213,""ramp"":10,""amplitude"":60,""method"":""logarithmic"",""next"":2000}]",213
15615696.09045,fmsweep,"[{""start_frequency"":40000,""stop_frequency"":1000,""speed"":150,""duration"":36,""ramp"":10,""amplitude"":60,""method"":""logarithmic"",""next"":2000}]",36
15696460.009686,fmsweep,"[{""start_frequency"":40000,""stop_frequency"":1000,""speed"":75,""duration"":71,""ramp"":10,""amplitude"":60,""next"":2000,""method"":""logarithmic""}]",71
15777556.928589,fmsweep,"[{""start_frequency"":1000,""stop_frequency"":40000,""speed"":50,""duration"":107,""ramp"":10,""amplitude"":60,""method"":""logarithmic"",""next"":2000}]",107
15858618.847527,fmsweep,"[{""start_frequency"":40000,""stop_frequency"":1000,""speed"":25,""duration"":213,""ramp"":10,""amplitude"":60,""method"":""logarithmic"",""next"":2000}]",213
15939563.766582,fmsweep,"[{""start_frequency"":1000,""stop_frequency"":40000,""speed"":150,""duration"":36,""ramp"":10,""amplitude"":60,""method"":""logarithmic"",""next"":2000}]",36
16020537.685608,fmsweep,"[{""start_frequency"":1000,""stop_frequency"":40000,""speed"":75,""amplitude"":60,""duration"":71,""ramp"":10,""method"":""logarithmic"",""next"":2000}]",71
16101146.604999,fmsweep,"[{""start_frequency"":40000,""stop_frequency"":1000,""speed"":125,""amplitude"":60,""duration"":43,""ramp"":10,""method"":""logarithmic"",""next"":2000}]",43
16182242.523903,fmsweep,"[{""start_frequency"":40000,""stop_frequency"":1000,""speed"":50,""amplitude"":60,""duration"":107,""ramp"":10,""method"":""logarithmic"",""next"":2000}]",107
16262884.443261,fmsweep,"[{""start_frequency"":1000,""stop_frequency"":40000,""speed"":100,""amplitude"":60,""ramp"":10,""duration"":54,""method"":""logarithmic"",""next"":2000}]",54
16343860.362285,fmsweep,"[{""start_frequency"":40000,""stop_frequency"":1000,""speed"":100,""ramp"":10,""duration"":54,""amplitude"":60,""method"":""logarithmic"",""next"":2000}]",54
16424440.281705,fmsweep,"[{""start_frequency"":1000,""stop_frequency"":40000,""speed"":125,""ramp"":10,""duration"":43,""amplitude"":60,""method"":""logarithmic"",""next"":2000}]",43
16505507.200638,whitenoise,"[{""amplitude"":60,""duration"":100,""ramp"":3,""next"":2000}]",100
16574480.131665,fmsweep,"[{""start_frequency"":1000,""stop_frequency"":40000,""speed"":25,""duration"":213,""ramp"":10,""amplitude"":60,""method"":""logarithmic"",""next"":2000}]",213
16655269.050876,fmsweep,"[{""start_frequency"":40000,""stop_frequency"":1000,""speed"":150,""duration"":36,""ramp"":10,""amplitude"":60,""method"":""logarithmic"",""next"":2000}]",36
16736274.96987,fmsweep,"[{""start_frequency"":40000,""stop_frequency"":1000,""speed"":75,""duration"":71,""ramp"":10,""amplitude"":60,""next"":2000,""method"":""logarithmic""}]",71
16817039.889105,fmsweep,"[{""start_frequency"":1000,""stop_frequency"":40000,""speed"":50,""duration"":107,""ramp"":10,""amplitude"":60,""method"":""logarithmic"",""next"":2000}]",107
16897926.808218,fmsweep,"[{""start_frequency"":40000,""stop_frequency"":1000,""speed"":25,""duration"":213,""ramp"":10,""amplitude"":60,""method"":""logarithmic"",""next"":2000}]",213
16978499.727645,fmsweep,"[{""start_frequency"":1000,""stop_frequency"":40000,""speed"":150,""duration"":36,""ramp"":10,""amplitude"":60,""method"":""logarithmic"",""next"":2000}]",36
17059475.646669,fmsweep,"[{""start_frequency"":1000,""stop_frequency"":40000,""speed"":75,""amplitude"":60,""duration"":71,""ramp"":10,""method"":""logarithmic"",""next"":2000}]",71
17140413.565731,fmsweep,"[{""start_frequency"":40000,""stop_frequency"":1000,""speed"":125,""amplitude"":60,""duration"":43,""ramp"":10,""method"":""logarithmic"",""next"":2000}]",43
17221091.485053,fmsweep,"[{""start_frequency"":40000,""stop_frequency"":1000,""speed"":50,""amplitude"":60,""duration"":107,""ramp"":10,""method"":""logarithmic"",""next"":2000}]",107
17301826.404318,fmsweep,"[{""start_frequency"":1000,""stop_frequency"":40000,""speed"":100,""amplitude"":60,""ramp"":10,""duration"":54,""method"":""logarithmic"",""next"":2000}]",54
17382798.323346,fmsweep,"[{""start_frequency"":40000,""stop_frequency"":1000,""speed"":100,""ramp"":10,""duration"":54,""amplitude"":60,""method"":""logarithmic"",""next"":2000}]",54
17439746.161639,whitenoise,"[{""amplitude"":60,""duration"":100,""ramp"":3,""next"":2000}]",100
17508545.09284,fmsweep,"[{""start_frequency"":1000,""stop_frequency"":40000,""speed"":25,""duration"":213,""ramp"":10,""amplitude"":60,""method"":""logarithmic"",""next"":2000}]",213
17589202.012183,fmsweep,"[{""start_frequency"":40000,""stop_frequency"":1000,""speed"":150,""duration"":36,""ramp"":10,""amplitude"":60,""method"":""logarithmic"",""next"":2000}]",36
17669850.931534,fmsweep,"[{""start_frequency"":40000,""stop_frequency"":1000,""speed"":75,""duration"":71,""ramp"":10,""amplitude"":60,""next"":2000,""method"":""logarithmic""}]",71
17750958.850426,fmsweep,"[{""start_frequency"":1000,""stop_frequency"":40000,""speed"":50,""duration"":107,""ramp"":10,""amplitude"":60,""method"":""logarithmic"",""next"":2000}]",107
17831979.769405,fmsweep,"[{""start_frequency"":40000,""stop_frequency"":1000,""speed"":25,""duration"":213,""ramp"":10,""amplitude"":60,""method"":""logarithmic"",""next"":2000}]",213
17912955.688429,fmsweep,"[{""start_frequency"":1000,""stop_frequency"":40000,""speed"":150,""duration"":36,""ramp"":10,""amplitude"":60,""method"":""logarithmic"",""next"":2000}]",36
17993625.607759,fmsweep,"[{""start_frequency"":1000,""stop_frequency"":40000,""speed"":75,""amplitude"":60,""duration"":71,""ramp"":10,""method"":""logarithmic"",""next"":2000}]",71
18074443.526941,fmsweep,"[{""start_frequency"":40000,""stop_frequency"":1000,""speed"":125,""amplitude"":60,""duration"":43,""ramp"":10,""method"":""logarithmic"",""next"":2000}]",43
18155178.446206,fmsweep,"[{""start_frequency"":40000,""stop_frequency"":1000,""speed"":50,""amplitude"":60,""duration"":107,""ramp"":10,""method"":""logarithmic"",""next"":2000}]",107
18235833.365551,fmsweep,"[{""start_frequency"":1000,""stop_frequency"":40000,""speed"":100,""amplitude"":60,""ramp"":10,""duration"":54,""method"":""logarithmic"",""next"":2000}]",54
18316498.284886,fmsweep,"[{""start_frequency"":40000,""stop_frequency"":1000,""speed"":100,""ramp"":10,""duration"":54,""amplitude"":60,""method"":""logarithmic"",""next"":2000}]",54
18397438.203946,fmsweep,"[{""start_frequency"":1000,""stop_frequency"":40000,""speed"":125,""ramp"":10,""duration"":43,""amplitude"":60,""method"":""logarithmic"",""next"":2000}]",43
18478444.12294,whitenoise,"[{""amplitude"":60,""duration"":100,""ramp"":3,""next"":2000}]",100
18547349.054035,fmsweep,"[{""start_frequency"":1000,""stop_frequency"":40000,""speed"":25,""duration"":213,""ramp"":10,""amplitude"":60,""method"":""logarithmic"",""next"":2000}]",213
18628302.973081,fmsweep,"[{""start_frequency"":40000,""stop_frequency"":1000,""speed"":150,""duration"":36,""ramp"":10,""amplitude"":60,""method"":""logarithmic"",""next"":2000}]",36
18709026.892357,fmsweep,"[{""start_frequency"":40000,""stop_frequency"":1000,""speed"":75,""duration"":71,""ramp"":10,""amplitude"":60,""next"":2000,""method"":""logarithmic""}]",71
18790034.811349,fmsweep,"[{""start_frequency"":1000,""stop_frequency"":40000,""speed"":50,""duration"":107,""ramp"":10,""amplitude"":60,""method"":""logarithmic"",""next"":2000}]",107
18870859.730524,fmsweep,"[{""start_frequency"":40000,""stop_frequency"":1000,""speed"":25,""duration"":213,""ramp"":10,""amplitude"":60,""method"":""logarithmic"",""next"":2000}]",213
18951561.649822,fmsweep,"[{""start_frequency"":1000,""stop_frequency"":40000,""speed"":150,""duration"":36,""ramp"":10,""amplitude"":60,""method"":""logarithmic"",""next"":2000}]",36
19032260.569123,fmsweep,"[{""start_frequency"":1000,""stop_frequency"":40000,""speed"":75,""amplitude"":60,""duration"":71,""ramp"":10,""method"":""logarithmic"",""next"":2000}]",71
19113267.488116,fmsweep,"[{""start_frequency"":40000,""stop_frequency"":1000,""speed"":125,""amplitude"":60,""duration"":43,""ramp"":10,""method"":""logarithmic"",""next"":2000}]",43
19193904.407479,fmsweep,"[{""start_frequency"":40000,""stop_frequency"":1000,""speed"":50,""amplitude"":60,""duration"":107,""ramp"":10,""method"":""logarithmic"",""next"":2000}]",107
19274815.326568,fmsweep,"[{""start_frequency"":1000,""stop_frequency"":40000,""speed"":100,""amplitude"":60,""ramp"":10,""duration"":54,""method"":""logarithmic"",""next"":2000}]",54
19355765.245618,fmsweep,"[{""start_frequency"":40000,""stop_frequency"":1000,""speed"":100,""ramp"":10,""duration"":54,""amplitude"":60,""method"":""logarithmic"",""next"":2000}]",54
19436405.164978,fmsweep,"[{""start_frequency"":1000,""stop_frequency"":40000,""speed"":125,""ramp"":10,""duration"":43,""amplitude"":60,""method"":""logarithmic"",""next"":2000}]",43
19517315.084068,whitenoise,"[{""amplitude"":60,""duration"":100,""ramp"":3,""next"":2000}]",100
19586503.01488,fmsweep,"[{""start_frequency"":1000,""stop_frequency"":40000,""speed"":25,""duration"":213,""ramp"":10,""amplitude"":60,""method"":""logarithmic"",""next"":2000}]",213
19667059.934323,fmsweep,"[{""start_frequency"":40000,""stop_frequency"":1000,""speed"":150,""duration"":36,""ramp"":10,""amplitude"":60,""method"":""logarithmic"",""next"":2000}]",36
19747848.853534,fmsweep,"[{""start_frequency"":40000,""stop_frequency"":1000,""speed"":75,""duration"":71,""ramp"":10,""amplitude"":60,""next"":2000,""method"":""logarithmic""}]",71
19828612.77277,fmsweep,"[{""start_frequency"":1000,""stop_frequency"":40000,""speed"":50,""duration"":107,""ramp"":10,""amplitude"":60,""method"":""logarithmic"",""next"":2000}]",107
19909583.691799,fmsweep,"[{""start_frequency"":40000,""stop_frequency"":1000,""speed"":25,""duration"":213,""ramp"":10,""amplitude"":60,""method"":""logarithmic"",""next"":2000}]",213
19962199.368113,fmsweep,"[{""start_frequency"":40000,""stop_frequency"":1000,""speed"":50,""amplitude"":60,""duration"":107,""ramp"":10,""method"":""logarithmic"",""next"":2000}]",107
20042871.287441,fmsweep,"[{""start_frequency"":1000,""stop_frequency"":40000,""speed"":100,""amplitude"":60,""ramp"":10,""duration"":54,""method"":""logarithmic"",""next"":2000}]",54
20123542.20677,fmsweep,"[{""start_frequency"":40000,""stop_frequency"":1000,""speed"":100,""ramp"":10,""duration"":54,""amplitude"":60,""method"":""logarithmic"",""next"":2000}]",54
20204444.125868,fmsweep,"[{""start_frequency"":1000,""stop_frequency"":40000,""speed"":125,""ramp"":10,""duration"":43,""amplitude"":60,""method"":""logarithmic"",""next"":2000}]",43
20285397.044915,whitenoise,"[{""amplitude"":60,""duration"":100,""ramp"":3,""next"":2000}]",100
20354586.975725,fmsweep,"[{""start_frequency"":1000,""stop_frequency"":40000,""speed"":25,""duration"":213,""ramp"":10,""amplitude"":60,""method"":""logarithmic"",""next"":2000}]",213
20435260.895051,fmsweep,"[{""start_frequency"":40000,""stop_frequency"":1000,""speed"":150,""duration"":36,""ramp"":10,""amplitude"":60,""method"":""logarithmic"",""next"":2000}]",36
20515957.814354,fmsweep,"[{""start_frequency"":40000,""stop_frequency"":1000,""speed"":75,""duration"":71,""ramp"":10,""amplitude"":60,""next"":2000,""method"":""logarithmic""}]",71
20596991.73332,fmsweep,"[{""start_frequency"":1000,""stop_frequency"":40000,""speed"":50,""duration"":107,""ramp"":10,""amplitude"":60,""method"":""logarithmic"",""next"":2000}]",107
20677874.652437,fmsweep,"[{""start_frequency"":40000,""stop_frequency"":1000,""speed"":25,""duration"":213,""ramp"":10,""amplitude"":60,""method"":""logarithmic"",""next"":2000}]",213
20758521.57179,fmsweep,"[{""start_frequency"":1000,""stop_frequency"":40000,""speed"":150,""duration"":36,""ramp"":10,""amplitude"":60,""method"":""logarithmic"",""next"":2000}]",36
20839492.490819,fmsweep,"[{""start_frequency"":1000,""stop_frequency"":40000,""speed"":75,""amplitude"":60,""duration"":71,""ramp"":10,""method"":""logarithmic"",""next"":2000}]",71
20920133.410178,fmsweep,"[{""start_frequency"":40000,""stop_frequency"":1000,""speed"":125,""amplitude"":60,""duration"":43,""ramp"":10,""method"":""logarithmic"",""next"":2000}]",43
21000985.329326,fmsweep,"[{""start_frequency"":40000,""stop_frequency"":1000,""speed"":50,""amplitude"":60,""duration"":107,""ramp"":10,""method"":""logarithmic"",""next"":2000}]",107
21081936.248375,fmsweep,"[{""start_frequency"":1000,""stop_frequency"":40000,""speed"":100,""amplitude"":60,""ramp"":10,""duration"":54,""method"":""logarithmic"",""next"":2000}]",54
21162625.167686,fmsweep,"[{""start_frequency"":40000,""stop_frequency"":1000,""speed"":100,""ramp"":10,""duration"":54,""amplitude"":60,""method"":""logarithmic"",""next"":2000}]",54
21243547.086764,fmsweep,"[{""start_frequency"":1000,""stop_frequency"":40000,""speed"":125,""ramp"":10,""duration"":43,""amplitude"":60,""method"":""logarithmic"",""next"":2000}]",43
21324338.005973,whitenoise,"[{""amplitude"":60,""duration"":100,""ramp"":3,""next"":2000}]",100
21393492.936818,fmsweep,"[{""start_frequency"":1000,""stop_frequency"":40000,""speed"":25,""duration"":213,""ramp"":10,""amplitude"":60,""method"":""logarithmic"",""next"":2000}]",213
21474131.856179,fmsweep,"[{""start_frequency"":40000,""stop_frequency"":1000,""speed"":150,""duration"":36,""ramp"":10,""amplitude"":60,""method"":""logarithmic"",""next"":2000}]",36
21554775.775535,fmsweep,"[{""start_frequency"":40000,""stop_frequency"":1000,""speed"":75,""duration"":71,""ramp"":10,""amplitude"":60,""next"":2000,""method"":""logarithmic""}]",71
21635567.694743,fmsweep,"[{""start_frequency"":1000,""stop_frequency"":40000,""speed"":50,""duration"":107,""ramp"":10,""amplitude"":60,""method"":""logarithmic"",""next"":2000}]",107
21716451.613859,fmsweep,"[{""start_frequency"":40000,""stop_frequency"":1000,""speed"":25,""duration"":213,""ramp"":10,""amplitude"":60,""method"":""logarithmic"",""next"":2000}]",213
21797066.533244,fmsweep,"[{""start_frequency"":1000,""stop_frequency"":40000,""speed"":150,""duration"":36,""ramp"":10,""amplitude"":60,""method"":""logarithmic"",""next"":2000}]",36
21878035.452275,fmsweep,"[{""start_frequency"":1000,""stop_frequency"":40000,""speed"":75,""amplitude"":60,""duration"":71,""ramp"":10,""method"":""logarithmic"",""next"":2000}]",71
21958707.371603,fmsweep,"[{""start_frequency"":40000,""stop_frequency"":1000,""speed"":125,""amplitude"":60,""duration"":43,""ramp"":10,""method"":""logarithmic"",""next"":2000}]",43
22039775.290535,fmsweep,"[{""start_frequency"":40000,""stop_frequency"":1000,""speed"":50,""amplitude"":60,""duration"":107,""ramp"":10,""method"":""logarithmic"",""next"":2000}]",107
22120377.209933,fmsweep,"[{""start_frequency"":1000,""stop_frequency"":40000,""speed"":100,""amplitude"":60,""ramp"":10,""duration"":54,""method"":""logarithmic"",""next"":2000}]",54
22201328.128982,fmsweep,"[{""start_frequency"":40000,""stop_frequency"":1000,""speed"":100,""ramp"":10,""duration"":54,""amplitude"":60,""method"":""logarithmic"",""next"":2000}]",54
22281866.048444,fmsweep,"[{""start_frequency"":1000,""stop_frequency"":40000,""speed"":125,""ramp"":10,""duration"":43,""amplitude"":60,""method"":""logarithmic"",""next"":2000}]",43
22362308.968001,whitenoise,"[{""amplitude"":60,""duration"":100,""ramp"":3,""next"":2000}]",100
22430945.899364,fmsweep,"[{""start_frequency"":1000,""stop_frequency"":40000,""speed"":25,""duration"":213,""ramp"":10,""amplitude"":60,""method"":""logarithmic"",""next"":2000}]",213
22511892.818417,fmsweep,"[{""start_frequency"":40000,""stop_frequency"":1000,""speed"":150,""duration"":36,""ramp"":10,""amplitude"":60,""method"":""logarithmic"",""next"":2000}]",36
22592649.73766,fmsweep,"[{""start_frequency"":40000,""stop_frequency"":1000,""speed"":75,""duration"":71,""ramp"":10,""amplitude"":60,""next"":2000,""method"":""logarithmic""}]",71
22673691.656618,fmsweep,"[{""start_frequency"":1000,""stop_frequency"":40000,""speed"":50,""duration"":107,""ramp"":10,""amplitude"":60,""method"":""logarithmic"",""next"":2000}]",107
22754667.575642,fmsweep,"[{""start_frequency"":40000,""stop_frequency"":1000,""speed"":25,""duration"":213,""ramp"":10,""amplitude"":60,""method"":""logarithmic"",""next"":2000}]",213
22835151.495158,fmsweep,"[{""start_frequency"":1000,""stop_frequency"":40000,""speed"":150,""duration"":36,""ramp"":10,""amplitude"":60,""method"":""logarithmic"",""next"":2000}]",36
22916126.414183,fmsweep,"[{""start_frequency"":1000,""stop_frequency"":40000,""speed"":75,""amplitude"":60,""duration"":71,""ramp"":10,""method"":""logarithmic"",""next"":2000}]",71
22996767.333542,fmsweep,"[{""start_frequency"":40000,""stop_frequency"":1000,""speed"":125,""amplitude"":60,""duration"":43,""ramp"":10,""method"":""logarithmic"",""next"":2000}]",43
23077287.253022,fmsweep,"[{""start_frequency"":40000,""stop_frequency"":1000,""speed"":50,""amplitude"":60,""duration"":107,""ramp"":10,""method"":""logarithmic"",""next"":2000}]",107
23158263.172046,fmsweep,"[{""start_frequency"":1000,""stop_frequency"":40000,""speed"":100,""amplitude"":60,""ramp"":10,""duration"":54,""method"":""logarithmic"",""next"":2000}]",54
23238935.091374,fmsweep,"[{""start_frequency"":40000,""stop_frequency"":1000,""speed"":100,""ramp"":10,""duration"":54,""amplitude"":60,""method"":""logarithmic"",""next"":2000}]",54
23319906.010403,fmsweep,"[{""start_frequency"":1000,""stop_frequency"":40000,""speed"":125,""ramp"":10,""duration"":43,""amplitude"":60,""method"":""logarithmic"",""next"":2000}]",43
23400520.929788,whitenoise,"[{""amplitude"":60,""duration"":100,""ramp"":3,""next"":2000}]",100
23469703.860605,fmsweep,"[{""start_frequency"":1000,""stop_frequency"":40000,""speed"":25,""duration"":213,""ramp"":10,""amplitude"":60,""method"":""logarithmic"",""next"":2000}]",213
23550377.779931,fmsweep,"[{""start_frequency"":40000,""stop_frequency"":1000,""speed"":150,""duration"":36,""ramp"":10,""amplitude"":60,""method"":""logarithmic"",""next"":2000}]",36
23631262.699046,fmsweep,"[{""start_frequency"":40000,""stop_frequency"":1000,""speed"":75,""duration"":71,""ramp"":10,""amplitude"":60,""next"":2000,""method"":""logarithmic""}]",71
23712324.617984,fmsweep,"[{""start_frequency"":1000,""stop_frequency"":40000,""speed"":50,""duration"":107,""ramp"":10,""amplitude"":60,""method"":""logarithmic"",""next"":2000}]",107
23793271.537037,fmsweep,"[{""start_frequency"":40000,""stop_frequency"":1000,""speed"":25,""duration"":213,""ramp"":10,""amplitude"":60,""method"":""logarithmic"",""next"":2000}]",213
23873943.456365,fmsweep,"[{""start_frequency"":1000,""stop_frequency"":40000,""speed"":150,""duration"":36,""ramp"":10,""amplitude"":60,""method"":""logarithmic"",""next"":2000}]",36
23954553.375755,fmsweep,"[{""start_frequency"":1000,""stop_frequency"":40000,""speed"":75,""amplitude"":60,""duration"":71,""ramp"":10,""method"":""logarithmic"",""next"":2000}]",71
24035491.294817,fmsweep,"[{""start_frequency"":40000,""stop_frequency"":1000,""speed"":125,""amplitude"":60,""duration"":43,""ramp"":10,""method"":""logarithmic"",""next"":2000}]",43
24116526.213782,fmsweep,"[{""start_frequency"":40000,""stop_frequency"":1000,""speed"":50,""amplitude"":60,""duration"":107,""ramp"":10,""method"":""logarithmic"",""next"":2000}]",107
24197175.133133,fmsweep,"[{""start_frequency"":1000,""stop_frequency"":40000,""speed"":100,""amplitude"":60,""ramp"":10,""duration"":54,""method"":""logarithmic"",""next"":2000}]",54
24277902.052406,fmsweep,"[{""start_frequency"":40000,""stop_frequency"":1000,""speed"":100,""ramp"":10,""duration"":54,""amplitude"":60,""method"":""logarithmic"",""next"":2000}]",54
24358880.971427,fmsweep,"[{""start_frequency"":1000,""stop_frequency"":40000,""speed"":125,""ramp"":10,""duration"":43,""amplitude"":60,""method"":""logarithmic"",""next"":2000}]",43
24439852.890455,whitenoise,"[{""amplitude"":60,""duration"":100,""ramp"":3,""next"":2000}]",100
24508764.821543,fmsweep,"[{""start_frequency"":1000,""stop_frequency"":40000,""speed"":25,""duration"":213,""ramp"":10,""amplitude"":60,""method"":""logarithmic"",""next"":2000}]",213
24589410.740897,fmsweep,"[{""start_frequency"":40000,""stop_frequency"":1000,""speed"":150,""duration"":36,""ramp"":10,""amplitude"":60,""method"":""logarithmic"",""next"":2000}]",36
24670105.660202,fmsweep,"[{""start_frequency"":40000,""stop_frequency"":1000,""speed"":75,""duration"":71,""ramp"":10,""amplitude"":60,""next"":2000,""method"":""logarithmic""}]",71
24750718.579589,fmsweep,"[{""start_frequency"":1000,""stop_frequency"":40000,""speed"":50,""duration"":107,""ramp"":10,""amplitude"":60,""method"":""logarithmic"",""next"":2000}]",107
24819638.336663,fmsweep,"[{""start_frequency"":1000,""stop_frequency"":40000,""speed"":75,""amplitude"":60,""duration"":71,""ramp"":10,""method"":""logarithmic"",""next"":2000}]",71
24900617.255684,fmsweep,"[{""start_frequency"":40000,""stop_frequency"":1000,""speed"":125,""amplitude"":60,""duration"":43,""ramp"":10,""method"":""logarithmic"",""next"":2000}]",43
24981431.17487,fmsweep,"[{""start_frequency"":40000,""stop_frequency"":1000,""speed"":50,""amplitude"":60,""duration"":107,""ramp"":10,""method"":""logarithmic"",""next"":2000}]",107
25062465.093836,fmsweep,"[{""start_frequency"":1000,""stop_frequency"":40000,""speed"":100,""amplitude"":60,""ramp"":10,""duration"":54,""method"":""logarithmic"",""next"":2000}]",54
25143101.0132,fmsweep,"[{""start_frequency"":40000,""stop_frequency"":1000,""speed"":100,""ramp"":10,""duration"":54,""amplitude"":60,""method"":""logarithmic"",""next"":2000}]",54
25224018.932282,fmsweep,"[{""start_frequency"":1000,""stop_frequency"":40000,""speed"":125,""ramp"":10,""duration"":43,""amplitude"":60,""method"":""logarithmic"",""next"":2000}]",43
25304691.851609,whitenoise,"[{""amplitude"":60,""duration"":100,""ramp"":3,""next"":2000}]",100
25373907.782393,fmsweep,"[{""start_frequency"":1000,""stop_frequency"":40000,""speed"":25,""duration"":213,""ramp"":10,""amplitude"":60,""method"":""logarithmic"",""next"":2000}]",213
25454548.701752,fmsweep,"[{""start_frequency"":40000,""stop_frequency"":1000,""speed"":150,""duration"":36,""ramp"":10,""amplitude"":60,""method"":""logarithmic"",""next"":2000}]",36
25535343.620957,fmsweep,"[{""start_frequency"":40000,""stop_frequency"":1000,""speed"":75,""duration"":71,""ramp"":10,""amplitude"":60,""next"":2000,""method"":""logarithmic""}]",71
25616406.539894,fmsweep,"[{""start_frequency"":1000,""stop_frequency"":40000,""speed"":50,""duration"":107,""ramp"":10,""amplitude"":60,""method"":""logarithmic"",""next"":2000}]",107
25697466.458834,fmsweep,"[{""start_frequency"":40000,""stop_frequency"":1000,""speed"":25,""duration"":213,""ramp"":10,""amplitude"":60,""method"":""logarithmic"",""next"":2000}]",213
25778115.378185,fmsweep,"[{""start_frequency"":1000,""stop_frequency"":40000,""speed"":150,""duration"":36,""ramp"":10,""amplitude"":60,""method"":""logarithmic"",""next"":2000}]",36
25858695.297605,fmsweep,"[{""start_frequency"":1000,""stop_frequency"":40000,""speed"":75,""amplitude"":60,""duration"":71,""ramp"":10,""method"":""logarithmic"",""next"":2000}]",71
25939637.216663,fmsweep,"[{""start_frequency"":40000,""stop_frequency"":1000,""speed"":125,""amplitude"":60,""duration"":43,""ramp"":10,""method"":""logarithmic"",""next"":2000}]",43
26020699.135601,fmsweep,"[{""start_frequency"":40000,""stop_frequency"":1000,""speed"":50,""amplitude"":60,""duration"":107,""ramp"":10,""method"":""logarithmic"",""next"":2000}]",107
26101345.054955,fmsweep,"[{""start_frequency"":1000,""stop_frequency"":40000,""speed"":100,""amplitude"":60,""ramp"":10,""duration"":54,""method"":""logarithmic"",""next"":2000}]",54
26182013.974286,fmsweep,"[{""start_frequency"":40000,""stop_frequency"":1000,""speed"":100,""ramp"":10,""duration"":54,""amplitude"":60,""method"":""logarithmic"",""next"":2000}]",54
26262655.893644,fmsweep,"[{""start_frequency"":1000,""stop_frequency"":40000,""speed"":125,""ramp"":10,""duration"":43,""amplitude"":60,""method"":""logarithmic"",""next"":2000}]",43
26343357.812942,whitenoise,"[{""amplitude"":60,""duration"":100,""ramp"":3,""next"":2000}]",100
26412329.74397,fmsweep,"[{""start_frequency"":1000,""stop_frequency"":40000,""speed"":25,""duration"":213,""ramp"":10,""amplitude"":60,""method"":""logarithmic"",""next"":2000}]",213
26493308.662991,fmsweep,"[{""start_frequency"":40000,""stop_frequency"":1000,""speed"":150,""duration"":36,""ramp"":10,""amplitude"":60,""method"":""logarithmic"",""next"":2000}]",36
26574101.582198,fmsweep,"[{""start_frequency"":40000,""stop_frequency"":1000,""speed"":75,""duration"":71,""ramp"":10,""amplitude"":60,""next"":2000,""method"":""logarithmic""}]",71
26654920.501379,fmsweep,"[{""start_frequency"":1000,""stop_frequency"":40000,""speed"":50,""duration"":107,""ramp"":10,""amplitude"":60,""method"":""logarithmic"",""next"":2000}]",107
26735929.42037,fmsweep,"[{""start_frequency"":40000,""stop_frequency"":1000,""speed"":25,""duration"":213,""ramp"":10,""amplitude"":60,""method"":""logarithmic"",""next"":2000}]",213
26816565.339734,fmsweep,"[{""start_frequency"":1000,""stop_frequency"":40000,""speed"":150,""duration"":36,""ramp"":10,""amplitude"":60,""method"":""logarithmic"",""next"":2000}]",36
26897569.25873,fmsweep,"[{""start_frequency"":1000,""stop_frequency"":40000,""speed"":75,""amplitude"":60,""duration"":71,""ramp"":10,""method"":""logarithmic"",""next"":2000}]",71
26978159.17814,fmsweep,"[{""start_frequency"":40000,""stop_frequency"":1000,""speed"":125,""amplitude"":60,""duration"":43,""ramp"":10,""method"":""logarithmic"",""next"":2000}]",43
27059281.097018,fmsweep,"[{""start_frequency"":40000,""stop_frequency"":1000,""speed"":50,""amplitude"":60,""duration"":107,""ramp"":10,""method"":""logarithmic"",""next"":2000}]",107
27139920.016379,fmsweep,"[{""start_frequency"":1000,""stop_frequency"":40000,""speed"":100,""amplitude"":60,""ramp"":10,""duration"":54,""method"":""logarithmic"",""next"":2000}]",54
27220862.935436,fmsweep,"[{""start_frequency"":40000,""stop_frequency"":1000,""speed"":100,""ramp"":10,""duration"":54,""amplitude"":60,""method"":""logarithmic"",""next"":2000}]",54
27301475.854823,fmsweep,"[{""start_frequency"":1000,""stop_frequency"":40000,""speed"":125,""ramp"":10,""duration"":43,""amplitude"":60,""method"":""logarithmic"",""next"":2000}]",43
27382358.77394,whitenoise,"[{""amplitude"":60,""duration"":100,""ramp"":3,""next"":2000}]",100
27451603.704695,fmsweep,"[{""start_frequency"":1000,""stop_frequency"":40000,""speed"":25,""duration"":213,""ramp"":10,""amplitude"":60,""method"":""logarithmic"",""next"":2000}]",213
27532185.624113,fmsweep,"[{""start_frequency"":40000,""stop_frequency"":1000,""speed"":150,""duration"":36,""ramp"":10,""amplitude"":60,""method"":""logarithmic"",""next"":2000}]",36
27613244.543054,fmsweep,"[{""start_frequency"":40000,""stop_frequency"":1000,""speed"":75,""duration"":71,""ramp"":10,""amplitude"":60,""next"":2000,""method"":""logarithmic""}]",71
27694014.462284,fmsweep,"[{""start_frequency"":1000,""stop_frequency"":40000,""speed"":50,""duration"":107,""ramp"":10,""amplitude"":60,""method"":""logarithmic"",""next"":2000}]",107
27775018.38128,fmsweep,"[{""start_frequency"":40000,""stop_frequency"":1000,""speed"":25,""duration"":213,""ramp"":10,""amplitude"":60,""method"":""logarithmic"",""next"":2000}]",213
27855567.300731,fmsweep,"[{""start_frequency"":1000,""stop_frequency"":40000,""speed"":150,""duration"":36,""ramp"":10,""amplitude"":60,""method"":""logarithmic"",""next"":2000}]",36
27922864.139052,fmsweep,"[{""start_frequency"":40000,""stop_frequency"":1000,""speed"":125,""amplitude"":60,""duration"":43,""ramp"":10,""method"":""logarithmic"",""next"":2000}]",43
28003929.057987,fmsweep,"[{""start_frequency"":40000,""stop_frequency"":1000,""speed"":50,""amplitude"":60,""duration"":107,""ramp"":10,""method"":""logarithmic"",""next"":2000}]",107
28084448.977467,fmsweep,"[{""start_frequency"":1000,""stop_frequency"":40000,""speed"":100,""amplitude"":60,""ramp"":10,""duration"":54,""method"":""logarithmic"",""next"":2000}]",54
28165425.89649,fmsweep,"[{""start_frequency"":40000,""stop_frequency"":1000,""speed"":100,""ramp"":10,""duration"":54,""amplitude"":60,""method"":""logarithmic"",""next"":2000}]",54
28246427.815488,fmsweep,"[{""start_frequency"":1000,""stop_frequency"":40000,""speed"":125,""ramp"":10,""duration"":43,""amplitude"":60,""method"":""logarithmic"",""next"":2000}]",43
28327127.734788,whitenoise,"[{""amplitude"":60,""duration"":100,""ramp"":3,""next"":2000}]",100
28396041.665874,fmsweep,"[{""start_frequency"":1000,""stop_frequency"":40000,""speed"":25,""duration"":213,""ramp"":10,""amplitude"":60,""method"":""logarithmic"",""next"":2000}]",213
28477066.584849,fmsweep,"[{""start_frequency"":40000,""stop_frequency"":1000,""speed"":150,""duration"":36,""ramp"":10,""amplitude"":60,""method"":""logarithmic"",""next"":2000}]",36
28515053.937833,fmsweep,"[{""start_frequency"":1000,""stop_frequency"":40000,""speed"":100,""amplitude"":60,""ramp"":10,""duration"":54,""method"":""logarithmic"",""next"":2000}]",54
28595996.85689,fmsweep,"[{""start_frequency"":40000,""stop_frequency"":1000,""speed"":100,""ramp"":10,""duration"":54,""amplitude"":60,""method"":""logarithmic"",""next"":2000}]",54
28676637.776249,fmsweep,"[{""start_frequency"":1000,""stop_frequency"":40000,""speed"":125,""ramp"":10,""duration"":43,""amplitude"":60,""method"":""logarithmic"",""next"":2000}]",43
28757584.695302,whitenoise,"[{""amplitude"":60,""duration"":100,""ramp"":3,""next"":2000}]",100
28826865.626021,fmsweep,"[{""start_frequency"":1000,""stop_frequency"":40000,""speed"":25,""duration"":213,""ramp"":10,""amplitude"":60,""method"":""logarithmic"",""next"":2000}]",213
28907535.545351,fmsweep,"[{""start_frequency"":40000,""stop_frequency"":1000,""speed"":150,""duration"":36,""ramp"":10,""amplitude"":60,""method"":""logarithmic"",""next"":2000}]",36
28988171.464715,fmsweep,"[{""start_frequency"":40000,""stop_frequency"":1000,""speed"":75,""duration"":71,""ramp"":10,""amplitude"":60,""next"":2000,""method"":""logarithmic""}]",71
29069127.383759,fmsweep,"[{""start_frequency"":1000,""stop_frequency"":40000,""speed"":50,""duration"":107,""ramp"":10,""amplitude"":60,""method"":""logarithmic"",""next"":2000}]",107
29150488.302398,fmsweep,"[{""start_frequency"":40000,""stop_frequency"":1000,""speed"":25,""duration"":213,""ramp"":10,""amplitude"":60,""method"":""logarithmic"",""next"":2000}]",213
29231157.221729,fmsweep,"[{""start_frequency"":1000,""stop_frequency"":40000,""speed"":150,""duration"":36,""ramp"":10,""amplitude"":60,""method"":""logarithmic"",""next"":2000}]",36
29312165.140721,fmsweep,"[{""start_frequency"":1000,""stop_frequency"":40000,""speed"":75,""amplitude"":60,""duration"":71,""ramp"":10,""method"":""logarithmic"",""next"":2000}]",71
29392862.060024,fmsweep,"[{""start_frequency"":40000,""stop_frequency"":1000,""speed"":125,""amplitude"":60,""duration"":43,""ramp"":10,""method"":""logarithmic"",""next"":2000}]",43
29473988.978897,fmsweep,"[{""start_frequency"":40000,""stop_frequency"":1000,""speed"":50,""amplitude"":60,""duration"":107,""ramp"":10,""method"":""logarithmic"",""next"":2000}]",107
29554662.898223,fmsweep,"[{""start_frequency"":1000,""stop_frequency"":40000,""speed"":100,""amplitude"":60,""ramp"":10,""duration"":54,""method"":""logarithmic"",""next"":2000}]",54
29635363.817522,fmsweep,"[{""start_frequency"":40000,""stop_frequency"":1000,""speed"":100,""ramp"":10,""duration"":54,""amplitude"":60,""method"":""logarithmic"",""next"":2000}]",54
29716183.736702,fmsweep,"[{""start_frequency"":1000,""stop_frequency"":40000,""speed"":125,""ramp"":10,""duration"":43,""amplitude"":60,""method"":""logarithmic"",""next"":2000}]",43
29797186.655699,whitenoise,"[{""amplitude"":60,""duration"":100,""ramp"":3,""next"":2000}]",100
29866044.586841,fmsweep,"[{""start_frequency"":1000,""stop_frequency"":40000,""speed"":25,""duration"":213,""ramp"":10,""amplitude"":60,""method"":""logarithmic"",""next"":2000}]",213
29946898.505987,fmsweep,"[{""start_frequency"":40000,""stop_frequency"":1000,""speed"":150,""duration"":36,""ramp"":10,""amplitude"":60,""method"":""logarithmic"",""next"":2000}]",36
30027895.42499,fmsweep,"[{""start_frequency"":40000,""stop_frequency"":1000,""speed"":75,""duration"":71,""ramp"":10,""amplitude"":60,""next"":2000,""method"":""logarithmic""}]",71
30108661.344224,fmsweep,"[{""start_frequency"":1000,""stop_frequency"":40000,""speed"":50,""duration"":107,""ramp"":10,""amplitude"":60,""method"":""logarithmic"",""next"":2000}]",107
30189943.262942,fmsweep,"[{""start_frequency"":40000,""stop_frequency"":1000,""speed"":25,""duration"":213,""ramp"":10,""amplitude"":60,""method"":""logarithmic"",""next"":2000}]",213
30270922.181963,fmsweep,"[{""start_frequency"":1000,""stop_frequency"":40000,""speed"":150,""duration"":36,""ramp"":10,""amplitude"":60,""method"":""logarithmic"",""next"":2000}]",36
30351526.101359,fmsweep,"[{""start_frequency"":1000,""stop_frequency"":40000,""speed"":75,""amplitude"":60,""duration"":71,""ramp"":10,""method"":""logarithmic"",""next"":2000}]",71
30415094.939253,fmsweep,"[{""start_frequency"":40000,""stop_frequency"":1000,""speed"":50,""amplitude"":60,""duration"":107,""ramp"":10,""method"":""logarithmic"",""next"":2000}]",107
30495790.858557,fmsweep,"[{""start_frequency"":1000,""stop_frequency"":40000,""speed"":100,""amplitude"":60,""ramp"":10,""duration"":54,""method"":""logarithmic"",""next"":2000}]",54
30576310.778037,fmsweep,"[{""start_frequency"":40000,""stop_frequency"":1000,""speed"":100,""ramp"":10,""duration"":54,""amplitude"":60,""method"":""logarithmic"",""next"":2000}]",54
30656970.697377,fmsweep,"[{""start_frequency"":1000,""stop_frequency"":40000,""speed"":125,""ramp"":10,""duration"":43,""amplitude"":60,""method"":""logarithmic"",""next"":2000}]",43
30737680.616667,whitenoise,"[{""amplitude"":60,""duration"":100,""ramp"":3,""next"":2000}]",100
30806658.547689,fmsweep,"[{""start_frequency"":1000,""stop_frequency"":40000,""speed"":25,""duration"":213,""ramp"":10,""amplitude"":60,""method"":""logarithmic"",""next"":2000}]",213
30887629.466718,fmsweep,"[{""start_frequency"":40000,""stop_frequency"":1000,""speed"":150,""duration"":36,""ramp"":10,""amplitude"":60,""method"":""logarithmic"",""next"":2000}]",36
30968302.386045,fmsweep,"[{""start_frequency"":40000,""stop_frequency"":1000,""speed"":75,""duration"":71,""ramp"":10,""amplitude"":60,""next"":2000,""method"":""logarithmic""}]",71
31049156.305191,fmsweep,"[{""start_frequency"":1000,""stop_frequency"":40000,""speed"":50,""duration"":107,""ramp"":10,""amplitude"":60,""method"":""logarithmic"",""next"":2000}]",107
31130436.223911,fmsweep,"[{""start_frequency"":40000,""stop_frequency"":1000,""speed"":25,""duration"":213,""ramp"":10,""amplitude"":60,""method"":""logarithmic"",""next"":2000}]",213
31211352.142995,fmsweep,"[{""start_frequency"":1000,""stop_frequency"":40000,""speed"":150,""duration"":36,""ramp"":10,""amplitude"":60,""method"":""logarithmic"",""next"":2000}]",36
31292354.061993,fmsweep,"[{""start_frequency"":1000,""stop_frequency"":40000,""speed"":75,""amplitude"":60,""duration"":71,""ramp"":10,""method"":""logarithmic"",""next"":2000}]",71
31372987.981359,fmsweep,"[{""start_frequency"":40000,""stop_frequency"":1000,""speed"":125,""amplitude"":60,""duration"":43,""ramp"":10,""method"":""logarithmic"",""next"":2000}]",43
31453785.900561,fmsweep,"[{""start_frequency"":40000,""stop_frequency"":1000,""speed"":50,""amplitude"":60,""duration"":107,""ramp"":10,""method"":""logarithmic"",""next"":2000}]",107
31534606.81974,fmsweep,"[{""start_frequency"":1000,""stop_frequency"":40000,""speed"":100,""amplitude"":60,""ramp"":10,""duration"":54,""method"":""logarithmic"",""next"":2000}]",54
31615604.738742,fmsweep,"[{""start_frequency"":40000,""stop_frequency"":1000,""speed"":100,""ramp"":10,""duration"":54,""amplitude"":60,""method"":""logarithmic"",""next"":2000}]",54
31696224.658122,fmsweep,"[{""start_frequency"":1000,""stop_frequency"":40000,""speed"":125,""ramp"":10,""duration"":43,""amplitude"":60,""method"":""logarithmic"",""next"":2000}]",43
31777165.577181,whitenoise,"[{""amplitude"":60,""duration"":100,""ramp"":3,""next"":2000}]",100
31846319.508027,fmsweep,"[{""start_frequency"":1000,""stop_frequency"":40000,""speed"":25,""duration"":213,""ramp"":10,""amplitude"":60,""method"":""logarithmic"",""next"":2000}]",213
31926958.427388,fmsweep,"[{""start_frequency"":40000,""stop_frequency"":1000,""speed"":150,""duration"":36,""ramp"":10,""amplitude"":60,""method"":""logarithmic"",""next"":2000}]",36
32007849.346497,fmsweep,"[{""start_frequency"":40000,""stop_frequency"":1000,""speed"":75,""duration"":71,""ramp"":10,""amplitude"":60,""next"":2000,""method"":""logarithmic""}]",71
32088913.265433,fmsweep,"[{""start_frequency"":1000,""stop_frequency"":40000,""speed"":50,""duration"":107,""ramp"":10,""amplitude"":60,""method"":""logarithmic"",""next"":2000}]",107
32169886.18446,fmsweep,"[{""start_frequency"":40000,""stop_frequency"":1000,""speed"":25,""duration"":213,""ramp"":10,""amplitude"":60,""method"":""logarithmic"",""next"":2000}]",213
32250530.103816,fmsweep,"[{""start_frequency"":1000,""stop_frequency"":40000,""speed"":150,""duration"":36,""ramp"":10,""amplitude"":60,""method"":""logarithmic"",""next"":2000}]",36
32331139.023207,fmsweep,"[{""start_frequency"":1000,""stop_frequency"":40000,""speed"":75,""amplitude"":60,""duration"":71,""ramp"":10,""method"":""logarithmic"",""next"":2000}]",71
32412139.942206,fmsweep,"[{""start_frequency"":40000,""stop_frequency"":1000,""speed"":125,""amplitude"":60,""duration"":43,""ramp"":10,""method"":""logarithmic"",""next"":2000}]",43
32492876.861469,fmsweep,"[{""start_frequency"":40000,""stop_frequency"":1000,""speed"":50,""amplitude"":60,""duration"":107,""ramp"":10,""method"":""logarithmic"",""next"":2000}]",107
32573627.780718,fmsweep,"[{""start_frequency"":1000,""stop_frequency"":40000,""speed"":100,""amplitude"":60,""ramp"":10,""duration"":54,""method"":""logarithmic"",""next"":2000}]",54
32654427.699918,fmsweep,"[{""start_frequency"":40000,""stop_frequency"":1000,""speed"":100,""ramp"":10,""duration"":54,""amplitude"":60,""method"":""logarithmic"",""next"":2000}]",54
32735071.619274,fmsweep,"[{""start_frequency"":1000,""stop_frequency"":40000,""speed"":125,""ramp"":10,""duration"":43,""amplitude"":60,""method"":""logarithmic"",""next"":2000}]",43
32815775.53857,whitenoise,"[{""amplitude"":60,""duration"":100,""ramp"":3,""next"":2000}]",100
32884688.469657,fmsweep,"[{""start_frequency"":1000,""stop_frequency"":40000,""speed"":25,""duration"":213,""ramp"":10,""amplitude"":60,""method"":""logarithmic"",""next"":2000}]",213
32965659.388686,fmsweep,"[{""start_frequency"":40000,""stop_frequency"":1000,""speed"":150,""duration"":36,""ramp"":10,""amplitude"":60,""method"":""logarithmic"",""next"":2000}]",36
33046717.307628,fmsweep,"[{""start_frequency"":40000,""stop_frequency"":1000,""speed"":75,""duration"":71,""ramp"":10,""amplitude"":60,""next"":2000,""method"":""logarithmic""}]",71
33127307.227038,fmsweep,"[{""start_frequency"":1000,""stop_frequency"":40000,""speed"":50,""duration"":107,""ramp"":10,""amplitude"":60,""method"":""logarithmic"",""next"":2000}]",107
33208556.145789,fmsweep,"[{""start_frequency"":40000,""stop_frequency"":1000,""speed"":25,""duration"":213,""ramp"":10,""amplitude"":60,""method"":""logarithmic"",""next"":2000}]",213
33289529.064816,fmsweep,"[{""start_frequency"":1000,""stop_frequency"":40000,""speed"":150,""duration"":36,""ramp"":10,""amplitude"":60,""method"":""logarithmic"",""next"":2000}]",36
33370198.984146,fmsweep,"[{""start_frequency"":1000,""stop_frequency"":40000,""speed"":75,""amplitude"":60,""duration"":71,""ramp"":10,""method"":""logarithmic"",""next"":2000}]",71
33451174.90317,fmsweep,"[{""start_frequency"":40000,""stop_frequency"":1000,""speed"":125,""amplitude"":60,""duration"":43,""ramp"":10,""method"":""logarithmic"",""next"":2000}]",43
33531930.822414,fmsweep,"[{""start_frequency"":40000,""stop_frequency"":1000,""speed"":50,""amplitude"":60,""duration"":107,""ramp"":10,""method"":""logarithmic"",""next"":2000}]",107
33612911.741433,fmsweep,"[{""start_frequency"":1000,""stop_frequency"":40000,""speed"":100,""amplitude"":60,""ramp"":10,""duration"":54,""method"":""logarithmic"",""next"":2000}]",54
33693583.660761,fmsweep,"[{""start_frequency"":40000,""stop_frequency"":1000,""speed"":100,""ramp"":10,""duration"":54,""amplitude"":60,""method"":""logarithmic"",""next"":2000}]",54
33774553.579791,fmsweep,"[{""start_frequency"":1000,""stop_frequency"":40000,""speed"":125,""ramp"":10,""duration"":43,""amplitude"":60,""method"":""logarithmic"",""next"":2000}]",43
33855226.499118,whitenoise,"[{""amplitude"":60,""duration"":100,""ramp"":3,""next"":2000}]",100
33924412.429932,fmsweep,"[{""start_frequency"":1000,""stop_frequency"":40000,""speed"":25,""duration"":213,""ramp"":10,""amplitude"":60,""method"":""logarithmic"",""next"":2000}]",213
34005085.349259,fmsweep,"[{""start_frequency"":40000,""stop_frequency"":1000,""speed"":150,""duration"":36,""ramp"":10,""amplitude"":60,""method"":""logarithmic"",""next"":2000}]",36
34085906.268438,fmsweep,"[{""start_frequency"":40000,""stop_frequency"":1000,""speed"":75,""duration"":71,""ramp"":10,""amplitude"":60,""next"":2000,""method"":""logarithmic""}]",71
34166974.18737,fmsweep,"[{""start_frequency"":1000,""stop_frequency"":40000,""speed"":50,""duration"":107,""ramp"":10,""amplitude"":60,""method"":""logarithmic"",""next"":2000}]",107
34247884.10646,fmsweep,"[{""start_frequency"":40000,""stop_frequency"":1000,""speed"":25,""duration"":213,""ramp"":10,""amplitude"":60,""method"":""logarithmic"",""next"":2000}]",213
34328519.025825,fmsweep,"[{""start_frequency"":1000,""stop_frequency"":40000,""speed"":150,""duration"":36,""ramp"":10,""amplitude"":60,""method"":""logarithmic"",""next"":2000}]",36
34409229.945114,fmsweep,"[{""start_frequency"":1000,""stop_frequency"":40000,""speed"":75,""amplitude"":60,""duration"":71,""ramp"":10,""method"":""logarithmic"",""next"":2000}]",71
34490202.864141,fmsweep,"[{""start_frequency"":40000,""stop_frequency"":1000,""speed"":125,""amplitude"":60,""duration"":43,""ramp"":10,""method"":""logarithmic"",""next"":2000}]",43
34571264.783079,fmsweep,"[{""start_frequency"":40000,""stop_frequency"":1000,""speed"":50,""amplitude"":60,""duration"":107,""ramp"":10,""method"":""logarithmic"",""next"":2000}]",107
34651940.702403,fmsweep,"[{""start_frequency"":1000,""stop_frequency"":40000,""speed"":100,""amplitude"":60,""ramp"":10,""duration"":54,""method"":""logarithmic"",""next"":2000}]",54
34732641.621702,fmsweep,"[{""start_frequency"":40000,""stop_frequency"":1000,""speed"":100,""ramp"":10,""duration"":54,""amplitude"":60,""method"":""logarithmic"",""next"":2000}]",54
34813555.540788,fmsweep,"[{""start_frequency"":1000,""stop_frequency"":40000,""speed"":125,""ramp"":10,""duration"":43,""amplitude"":60,""method"":""logarithmic"",""next"":2000}]",43
34894288.460055,whitenoise,"[{""amplitude"":60,""duration"":100,""ramp"":3,""next"":2000}]",100
34952820.310109,fmsweep,"[{""start_frequency"":40000,""stop_frequency"":1000,""speed"":150,""duration"":36,""ramp"":10,""amplitude"":60,""method"":""logarithmic"",""next"":2000}]",36
35033794.229135,fmsweep,"[{""start_frequency"":40000,""stop_frequency"":1000,""speed"":75,""duration"":71,""ramp"":10,""amplitude"":60,""next"":2000,""method"":""logarithmic""}]",71
35114524.148405,fmsweep,"[{""start_frequency"":1000,""stop_frequency"":40000,""speed"":50,""duration"":107,""ramp"":10,""amplitude"":60,""method"":""logarithmic"",""next"":2000}]",107
35195463.067466,fmsweep,"[{""start_frequency"":40000,""stop_frequency"":1000,""speed"":25,""duration"":213,""ramp"":10,""amplitude"":60,""method"":""logarithmic"",""next"":2000}]",213
35276111.986817,fmsweep,"[{""start_frequency"":1000,""stop_frequency"":40000,""speed"":150,""duration"":36,""ramp"":10,""amplitude"":60,""method"":""logarithmic"",""next"":2000}]",36
35356872.906056,fmsweep,"[{""start_frequency"":1000,""stop_frequency"":40000,""speed"":75,""amplitude"":60,""duration"":71,""ramp"":10,""method"":""logarithmic"",""next"":2000}]",71
35437846.825082,fmsweep,"[{""start_frequency"":40000,""stop_frequency"":1000,""speed"":125,""amplitude"":60,""duration"":43,""ramp"":10,""method"":""logarithmic"",""next"":2000}]",43
35518672.744256,fmsweep,"[{""start_frequency"":40000,""stop_frequency"":1000,""speed"":50,""amplitude"":60,""duration"":107,""ramp"":10,""method"":""logarithmic"",""next"":2000}]",107
35599643.663285,fmsweep,"[{""start_frequency"":1000,""stop_frequency"":40000,""speed"":100,""amplitude"":60,""ramp"":10,""duration"":54,""method"":""logarithmic"",""next"":2000}]",54
35680410.582518,fmsweep,"[{""start_frequency"":40000,""stop_frequency"":1000,""speed"":100,""ramp"":10,""duration"":54,""amplitude"":60,""method"":""logarithmic"",""next"":2000}]",54
35761081.501847,fmsweep,"[{""start_frequency"":1000,""stop_frequency"":40000,""speed"":125,""ramp"":10,""duration"":43,""amplitude"":60,""method"":""logarithmic"",""next"":2000}]",43
35841967.420961,whitenoise,"[{""amplitude"":60,""duration"":100,""ramp"":3,""next"":2000}]",100
35911029.351899,fmsweep,"[{""start_frequency"":1000,""stop_frequency"":40000,""speed"":25,""duration"":213,""ramp"":10,""amplitude"":60,""method"":""logarithmic"",""next"":2000}]",213
35992001.270927,fmsweep,"[{""start_frequency"":40000,""stop_frequency"":1000,""speed"":150,""duration"":36,""ramp"":10,""amplitude"":60,""method"":""logarithmic"",""next"":2000}]",36
36072710.190218,fmsweep,"[{""start_frequency"":40000,""stop_frequency"":1000,""speed"":75,""duration"":71,""ramp"":10,""amplitude"":60,""next"":2000,""method"":""logarithmic""}]",71
36153770.109158,fmsweep,"[{""start_frequency"":1000,""stop_frequency"":40000,""speed"":50,""duration"":107,""ramp"":10,""amplitude"":60,""method"":""logarithmic"",""next"":2000}]",107
36234747.028181,fmsweep,"[{""start_frequency"":40000,""stop_frequency"":1000,""speed"":25,""duration"":213,""ramp"":10,""amplitude"":60,""method"":""logarithmic"",""next"":2000}]",213
36315721.947206,fmsweep,"[{""start_frequency"":1000,""stop_frequency"":40000,""speed"":150,""duration"":36,""ramp"":10,""amplitude"":60,""method"":""logarithmic"",""next"":2000}]",36
36396729.866198,fmsweep,"[{""start_frequency"":1000,""stop_frequency"":40000,""speed"":75,""amplitude"":60,""duration"":71,""ramp"":10,""method"":""logarithmic"",""next"":2000}]",71
36477245.785682,fmsweep,"[{""start_frequency"":40000,""stop_frequency"":1000,""speed"":125,""amplitude"":60,""duration"":43,""ramp"":10,""method"":""logarithmic"",""next"":2000}]",43
36558340.704587,fmsweep,"[{""start_frequency"":40000,""stop_frequency"":1000,""speed"":50,""amplitude"":60,""duration"":107,""ramp"":10,""method"":""logarithmic"",""next"":2000}]",107
36639012.623915,fmsweep,"[{""start_frequency"":1000,""stop_frequency"":40000,""speed"":100,""amplitude"":60,""ramp"":10,""duration"":54,""method"":""logarithmic"",""next"":2000}]",54
36719930.542997,fmsweep,"[{""start_frequency"":40000,""stop_frequency"":1000,""speed"":100,""ramp"":10,""duration"":54,""amplitude"":60,""method"":""logarithmic"",""next"":2000}]",54
36800568.462359,fmsweep,"[{""start_frequency"":1000,""stop_frequency"":40000,""speed"":125,""ramp"":10,""duration"":43,""amplitude"":60,""method"":""logarithmic"",""next"":2000}]",43
36881269.381658,whitenoise,"[{""amplitude"":60,""duration"":100,""ramp"":3,""next"":2000}]",100
36950121.312806,fmsweep,"[{""start_frequency"":1000,""stop_frequency"":40000,""speed"":25,""duration"":213,""ramp"":10,""amplitude"":60,""method"":""logarithmic"",""next"":2000}]",213
37031130.231797,fmsweep,"[{""start_frequency"":40000,""stop_frequency"":1000,""speed"":150,""duration"":36,""ramp"":10,""amplitude"":60,""method"":""logarithmic"",""next"":2000}]",36
37111890.151037,fmsweep,"[{""start_frequency"":40000,""stop_frequency"":1000,""speed"":75,""duration"":71,""ramp"":10,""amplitude"":60,""next"":2000,""method"":""logarithmic""}]",71
37192626.070301,fmsweep,"[{""start_frequency"":1000,""stop_frequency"":40000,""speed"":50,""duration"":107,""ramp"":10,""amplitude"":60,""method"":""logarithmic"",""next"":2000}]",107
37273660.989266,fmsweep,"[{""start_frequency"":40000,""stop_frequency"":1000,""speed"":25,""duration"":213,""ramp"":10,""amplitude"":60,""method"":""logarithmic"",""next"":2000}]",213
37354330.908596,fmsweep,"[{""start_frequency"":1000,""stop_frequency"":40000,""speed"":150,""duration"":36,""ramp"":10,""amplitude"":60,""method"":""logarithmic"",""next"":2000}]",36
37435066.82786,fmsweep,"[{""start_frequency"":1000,""stop_frequency"":40000,""speed"":75,""amplitude"":60,""duration"":71,""ramp"":10,""method"":""logarithmic"",""next"":2000}]",71
37516072.746854,fmsweep,"[{""start_frequency"":40000,""stop_frequency"":1000,""speed"":125,""amplitude"":60,""duration"":43,""ramp"":10,""method"":""logarithmic"",""next"":2000}]",43
37596796.66613,fmsweep,"[{""start_frequency"":40000,""stop_frequency"":1000,""speed"":50,""amplitude"":60,""duration"":107,""ramp"":10,""method"":""logarithmic"",""next"":2000}]",107
37684870.504451,fmsweep,"[{""start_frequency"":40000,""stop_frequency"":1000,""speed"":100,""ramp"":10,""duration"":54,""amplitude"":60,""method"":""logarithmic"",""next"":2000}]",54
37765874.423447,fmsweep,"[{""start_frequency"":1000,""stop_frequency"":40000,""speed"":125,""ramp"":10,""duration"":43,""amplitude"":60,""method"":""logarithmic"",""next"":2000}]",43
37846486.342835,whitenoise,"[{""amplitude"":60,""duration"":100,""ramp"":3,""next"":2000}]",100
37915764.273557,fmsweep,"[{""start_frequency"":1000,""stop_frequency"":40000,""speed"":25,""duration"":213,""ramp"":10,""amplitude"":60,""method"":""logarithmic"",""next"":2000}]",213
37996452.192869,fmsweep,"[{""start_frequency"":40000,""stop_frequency"":1000,""speed"":150,""duration"":36,""ramp"":10,""amplitude"":60,""method"":""logarithmic"",""next"":2000}]",36
38077193.112128,fmsweep,"[{""start_frequency"":40000,""stop_frequency"":1000,""speed"":75,""duration"":71,""ramp"":10,""amplitude"":60,""next"":2000,""method"":""logarithmic""}]",71
38158311.03101,fmsweep,"[{""start_frequency"":1000,""stop_frequency"":40000,""speed"":50,""duration"":107,""ramp"":10,""amplitude"":60,""method"":""logarithmic"",""next"":2000}]",107
38239259.950061,fmsweep,"[{""start_frequency"":40000,""stop_frequency"":1000,""speed"":25,""duration"":213,""ramp"":10,""amplitude"":60,""method"":""logarithmic"",""next"":2000}]",213
38320258.869062,fmsweep,"[{""start_frequency"":1000,""stop_frequency"":40000,""speed"":150,""duration"":36,""ramp"":10,""amplitude"":60,""method"":""logarithmic"",""next"":2000}]",36
38400926.788394,fmsweep,"[{""start_frequency"":1000,""stop_frequency"":40000,""speed"":75,""amplitude"":60,""duration"":71,""ramp"":10,""method"":""logarithmic"",""next"":2000}]",71
38481548.707772,fmsweep,"[{""start_frequency"":40000,""stop_frequency"":1000,""speed"":125,""amplitude"":60,""duration"":43,""ramp"":10,""method"":""logarithmic"",""next"":2000}]",43
38562359.626961,fmsweep,"[{""start_frequency"":40000,""stop_frequency"":1000,""speed"":50,""amplitude"":60,""duration"":107,""ramp"":10,""method"":""logarithmic"",""next"":2000}]",107
38643041.546279,fmsweep,"[{""start_frequency"":1000,""stop_frequency"":40000,""speed"":100,""amplitude"":60,""ramp"":10,""duration"":54,""method"":""logarithmic"",""next"":2000}]",54
38723860.46546,fmsweep,"[{""start_frequency"":40000,""stop_frequency"":1000,""speed"":100,""ramp"":10,""duration"":54,""amplitude"":60,""method"":""logarithmic"",""next"":2000}]",54
38804803.384517,fmsweep,"[{""start_frequency"":1000,""stop_frequency"":40000,""speed"":125,""ramp"":10,""duration"":43,""amplitude"":60,""method"":""logarithmic"",""next"":2000}]",43
38885533.303787,whitenoise,"[{""amplitude"":60,""duration"":100,""ramp"":3,""next"":2000}]",100
38954714.234606,fmsweep,"[{""start_frequency"":1000,""stop_frequency"":40000,""speed"":25,""duration"":213,""ramp"":10,""amplitude"":60,""method"":""logarithmic"",""next"":2000}]",213
39035388.153932,fmsweep,"[{""start_frequency"":40000,""stop_frequency"":1000,""speed"":150,""duration"":36,""ramp"":10,""amplitude"":60,""method"":""logarithmic"",""next"":2000}]",36
39116362.072958,fmsweep,"[{""start_frequency"":40000,""stop_frequency"":1000,""speed"":75,""duration"":71,""ramp"":10,""amplitude"":60,""next"":2000,""method"":""logarithmic""}]",71
39197099.99222,fmsweep,"[{""start_frequency"":1000,""stop_frequency"":40000,""speed"":50,""duration"":107,""ramp"":10,""amplitude"":60,""method"":""logarithmic"",""next"":2000}]",107
39278162.911157,fmsweep,"[{""start_frequency"":40000,""stop_frequency"":1000,""speed"":25,""duration"":213,""ramp"":10,""amplitude"":60,""method"":""logarithmic"",""next"":2000}]",213
39358456.830863,fmsweep,"[{""start_frequency"":1000,""stop_frequency"":40000,""speed"":150,""duration"":36,""ramp"":10,""amplitude"":60,""method"":""logarithmic"",""next"":2000}]",36
39439024.750295,fmsweep,"[{""start_frequency"":1000,""stop_frequency"":40000,""speed"":75,""amplitude"":60,""duration"":71,""ramp"":10,""method"":""logarithmic"",""next"":2000}]",71
39519725.669594,fmsweep,"[{""start_frequency"":40000,""stop_frequency"":1000,""speed"":125,""amplitude"":60,""duration"":43,""ramp"":10,""method"":""logarithmic"",""next"":2000}]",43
39600546.588773,fmsweep,"[{""start_frequency"":40000,""stop_frequency"":1000,""speed"":50,""amplitude"":60,""duration"":107,""ramp"":10,""method"":""logarithmic"",""next"":2000}]",107
39681214.508105,fmsweep,"[{""start_frequency"":1000,""stop_frequency"":40000,""speed"":100,""amplitude"":60,""ramp"":10,""duration"":54,""method"":""logarithmic"",""next"":2000}]",54
39762015.427304,fmsweep,"[{""start_frequency"":40000,""stop_frequency"":1000,""speed"":100,""ramp"":10,""duration"":54,""amplitude"":60,""method"":""logarithmic"",""next"":2000}]",54
39843016.346303,fmsweep,"[{""start_frequency"":1000,""stop_frequency"":40000,""speed"":125,""ramp"":10,""duration"":43,""amplitude"":60,""method"":""logarithmic"",""next"":2000}]",43
39923771.265548,whitenoise,"[{""amplitude"":60,""duration"":100,""ramp"":3,""next"":2000}]",100
39993020.196299,fmsweep,"[{""start_frequency"":1000,""stop_frequency"":40000,""speed"":25,""duration"":213,""ramp"":10,""amplitude"":60,""method"":""logarithmic"",""next"":2000}]",213
40073694.115625,fmsweep,"[{""start_frequency"":40000,""stop_frequency"":1000,""speed"":150,""duration"":36,""ramp"":10,""amplitude"":60,""method"":""logarithmic"",""next"":2000}]",36
40154516.034803,fmsweep,"[{""start_frequency"":40000,""stop_frequency"":1000,""speed"":75,""duration"":71,""ramp"":10,""amplitude"":60,""next"":2000,""method"":""logarithmic""}]",71
40235335.953983,fmsweep,"[{""start_frequency"":1000,""stop_frequency"":40000,""speed"":50,""duration"":107,""ramp"":10,""amplitude"":60,""method"":""logarithmic"",""next"":2000}]",107
40316374.872944,fmsweep,"[{""start_frequency"":40000,""stop_frequency"":1000,""speed"":25,""duration"":213,""ramp"":10,""amplitude"":60,""method"":""logarithmic"",""next"":2000}]",213
40397043.792275,fmsweep,"[{""start_frequency"":1000,""stop_frequency"":40000,""speed"":150,""duration"":36,""ramp"":10,""amplitude"":60,""method"":""logarithmic"",""next"":2000}]",36
40477718.7116,fmsweep,"[{""start_frequency"":1000,""stop_frequency"":40000,""speed"":75,""amplitude"":60,""duration"":71,""ramp"":10,""method"":""logarithmic"",""next"":2000}]",71
40558691.630627,fmsweep,"[{""start_frequency"":40000,""stop_frequency"":1000,""speed"":125,""amplitude"":60,""duration"":43,""ramp"":10,""method"":""logarithmic"",""next"":2000}]",43
40639512.549806,fmsweep,"[{""start_frequency"":40000,""stop_frequency"":1000,""speed"":50,""amplitude"":60,""duration"":107,""ramp"":10,""method"":""logarithmic"",""next"":2000}]",107
40720215.469103,fmsweep,"[{""start_frequency"":1000,""stop_frequency"":40000,""speed"":100,""amplitude"":60,""ramp"":10,""duration"":54,""method"":""logarithmic"",""next"":2000}]",54
40801220.388098,fmsweep,"[{""start_frequency"":40000,""stop_frequency"":1000,""speed"":100,""ramp"":10,""duration"":54,""amplitude"":60,""method"":""logarithmic"",""next"":2000}]",54
40881885.307433,fmsweep,"[{""start_frequency"":1000,""stop_frequency"":40000,""speed"":125,""ramp"":10,""duration"":43,""amplitude"":60,""method"":""logarithmic"",""next"":2000}]",43
40962720.226598,whitenoise,"[{""amplitude"":60,""duration"":100,""ramp"":3,""next"":2000}]",100
41032026.157292,fmsweep,"[{""start_frequency"":1000,""stop_frequency"":40000,""speed"":25,""duration"":213,""ramp"":10,""amplitude"":60,""method"":""logarithmic"",""next"":2000}]",213
41112694.076624,fmsweep,"[{""start_frequency"":40000,""stop_frequency"":1000,""speed"":150,""duration"":36,""ramp"":10,""amplitude"":60,""method"":""logarithmic"",""next"":2000}]",36
41193450.995867,fmsweep,"[{""start_frequency"":40000,""stop_frequency"":1000,""speed"":75,""duration"":71,""ramp"":10,""amplitude"":60,""next"":2000,""method"":""logarithmic""}]",71
41274551.914766,fmsweep,"[{""start_frequency"":1000,""stop_frequency"":40000,""speed"":50,""duration"":107,""ramp"":10,""amplitude"":60,""method"":""logarithmic"",""next"":2000}]",107
41355496.833821,fmsweep,"[{""start_frequency"":40000,""stop_frequency"":1000,""speed"":25,""duration"":213,""ramp"":10,""amplitude"":60,""method"":""logarithmic"",""next"":2000}]",213
41436471.752846,fmsweep,"[{""start_frequency"":1000,""stop_frequency"":40000,""speed"":150,""duration"":36,""ramp"":10,""amplitude"":60,""method"":""logarithmic"",""next"":2000}]",36
41517472.671845,fmsweep,"[{""start_frequency"":1000,""stop_frequency"":40000,""speed"":75,""amplitude"":60,""duration"":71,""ramp"":10,""method"":""logarithmic"",""next"":2000}]",71
41597992.591325,fmsweep,"[{""start_frequency"":40000,""stop_frequency"":1000,""speed"":125,""amplitude"":60,""duration"":43,""ramp"":10,""method"":""logarithmic"",""next"":2000}]",43
41679090.510227,fmsweep,"[{""start_frequency"":40000,""stop_frequency"":1000,""speed"":50,""amplitude"":60,""duration"":107,""ramp"":10,""method"":""logarithmic"",""next"":2000}]",107
41759762.429555,fmsweep,"[{""start_frequency"":1000,""stop_frequency"":40000,""speed"":100,""amplitude"":60,""ramp"":10,""duration"":54,""method"":""logarithmic"",""next"":2000}]",54
41840757.34856,fmsweep,"[{""start_frequency"":40000,""stop_frequency"":1000,""speed"":100,""ramp"":10,""duration"":54,""amplitude"":60,""method"":""logarithmic"",""next"":2000}]",54
41921376.267941,fmsweep,"[{""start_frequency"":1000,""stop_frequency"":40000,""speed"":125,""ramp"":10,""duration"":43,""amplitude"":60,""method"":""logarithmic"",""next"":2000}]",43
42002411.186906,whitenoise,"[{""amplitude"":60,""duration"":100,""ramp"":3,""next"":2000}]",100
42071355.117962,fmsweep,"[{""start_frequency"":1000,""stop_frequency"":40000,""speed"":25,""duration"":213,""ramp"":10,""amplitude"":60,""method"":""logarithmic"",""next"":2000}]",213
42152118.037199,fmsweep,"[{""start_frequency"":40000,""stop_frequency"":1000,""speed"":150,""duration"":36,""ramp"":10,""amplitude"":60,""method"":""logarithmic"",""next"":2000}]",36
42233090.956226,fmsweep,"[{""start_frequency"":40000,""stop_frequency"":1000,""speed"":75,""duration"":71,""ramp"":10,""amplitude"":60,""next"":2000,""method"":""logarithmic""}]",71
42313882.875434,fmsweep,"[{""start_frequency"":1000,""stop_frequency"":40000,""speed"":50,""duration"":107,""ramp"":10,""amplitude"":60,""method"":""logarithmic"",""next"":2000}]",107
42394947.794369,fmsweep,"[{""start_frequency"":40000,""stop_frequency"":1000,""speed"":25,""duration"":213,""ramp"":10,""amplitude"":60,""method"":""logarithmic"",""next"":2000}]",213
42475466.71385,fmsweep,"[{""start_frequency"":1000,""stop_frequency"":40000,""speed"":150,""duration"":36,""ramp"":10,""amplitude"":60,""method"":""logarithmic"",""next"":2000}]",36
42556444.632872,fmsweep,"[{""start_frequency"":1000,""stop_frequency"":40000,""speed"":75,""amplitude"":60,""duration"":71,""ramp"":10,""method"":""logarithmic"",""next"":2000}]",71
42637110.552206,fmsweep,"[{""start_frequency"":40000,""stop_frequency"":1000,""speed"":125,""amplitude"":60,""duration"":43,""ramp"":10,""method"":""logarithmic"",""next"":2000}]",43
42718178.471138,fmsweep,"[{""start_frequency"":40000,""stop_frequency"":1000,""speed"":50,""amplitude"":60,""duration"":107,""ramp"":10,""method"":""logarithmic"",""next"":2000}]",107
42798843.390473,fmsweep,"[{""start_frequency"":1000,""stop_frequency"":40000,""speed"":100,""amplitude"":60,""ramp"":10,""duration"":54,""method"":""logarithmic"",""next"":2000}]",54
42879887.309429,fmsweep,"[{""start_frequency"":40000,""stop_frequency"":1000,""speed"":100,""ramp"":10,""duration"":54,""amplitude"":60,""method"":""logarithmic"",""next"":2000}]",54
42960557.228759,fmsweep,"[{""start_frequency"":1000,""stop_frequency"":40000,""speed"":125,""ramp"":10,""duration"":43,""amplitude"":60,""method"":""logarithmic"",""next"":2000}]",43
43041560.147756,whitenoise,"[{""amplitude"":60,""duration"":100,""ramp"":3,""next"":2000}]",100
43110388.078928,fmsweep,"[{""start_frequency"":1000,""stop_frequency"":40000,""speed"":25,""duration"":213,""ramp"":10,""amplitude"":60,""method"":""logarithmic"",""next"":2000}]",213
43191384.997931,fmsweep,"[{""start_frequency"":40000,""stop_frequency"":1000,""speed"":150,""duration"":36,""ramp"":10,""amplitude"":60,""method"":""logarithmic"",""next"":2000}]",36
43272124.917191,fmsweep,"[{""start_frequency"":40000,""stop_frequency"":1000,""speed"":75,""duration"":71,""ramp"":10,""amplitude"":60,""next"":2000,""method"":""logarithmic""}]",71
43352880.836435,fmsweep,"[{""start_frequency"":1000,""stop_frequency"":40000,""speed"":50,""duration"":107,""ramp"":10,""amplitude"":60,""method"":""logarithmic"",""next"":2000}]",107
43434098.755217,fmsweep,"[{""start_frequency"":40000,""stop_frequency"":1000,""speed"":25,""duration"":213,""ramp"":10,""amplitude"":60,""method"":""logarithmic"",""next"":2000}]",213
43515070.674245,fmsweep,"[{""start_frequency"":1000,""stop_frequency"":40000,""speed"":150,""duration"":36,""ramp"":10,""amplitude"":60,""method"":""logarithmic"",""next"":2000}]",36
43596110.593205,fmsweep,"[{""start_frequency"":1000,""stop_frequency"":40000,""speed"":75,""amplitude"":60,""duration"":71,""ramp"":10,""method"":""logarithmic"",""next"":2000}]",71
43676812.512503,fmsweep,"[{""start_frequency"":40000,""stop_frequency"":1000,""speed"":125,""amplitude"":60,""duration"":43,""ramp"":10,""method"":""logarithmic"",""next"":2000}]",43
43757629.431686,fmsweep,"[{""start_frequency"":40000,""stop_frequency"":1000,""speed"":50,""amplitude"":60,""duration"":107,""ramp"":10,""method"":""logarithmic"",""next"":2000}]",107
43838276.351039,fmsweep,"[{""start_frequency"":1000,""stop_frequency"":40000,""speed"":100,""amplitude"":60,""ramp"":10,""duration"":54,""method"":""logarithmic"",""next"":2000}]",54
43919312.270003,fmsweep,"[{""start_frequency"":40000,""stop_frequency"":1000,""speed"":100,""ramp"":10,""duration"":54,""amplitude"":60,""method"":""logarithmic"",""next"":2000}]",54
44000013.189302,fmsweep,"[{""start_frequency"":1000,""stop_frequency"":40000,""speed"":125,""ramp"":10,""duration"":43,""amplitude"":60,""method"":""logarithmic"",""next"":2000}]",43
44080834.108481,whitenoise,"[{""amplitude"":60,""duration"":100,""ramp"":3,""next"":2000}]",100
